user_id,activity_type,activity_energy_level,current_energy_level,predicted_score
user_00001,meditation,76.1,24.6,58.6
user_00001,mood,55.0,58.6,49.3
user_00001,journal,54.3,49.3,55.9
user_00001,mood,61.1,55.9,55.4
user_00001,mood,64.0,55.4,56.2
user_00001,mood,61.7,56.2,57.7
user_00001,mood,65.5,57.7,59.4
user_00001,mood,74.8,59.4,62.4
user_00001,journal,42.8,62.4,59.7
user_00002,meditation,70.1,49.4,48.1
user_00002,music,66.4,48.1,50.0
user_00002,mood,32.4,50.0,49.7
user_00002,mood,53.5,49.7,54.2
user_00002,meditation,59.5,54.2,51.0
user_00002,meditation,93.1,51.0,71.6
user_00002,mood,75.4,71.6,67.4
user_00002,meditation,83.3,67.4,78.2
user_00002,journal,67.4,78.2,77.1
user_00002,mood,64.2,77.1,85.1
user_00003,music,68.9,72.1,77.5
user_00003,community,60.2,77.5,70.2
user_00003,meditation,73.8,70.2,80.0
user_00003,mood,39.4,80.0,68.1
user_00003,meditation,71.4,68.1,63.4
user_00003,meditation,83.1,63.4,73.4
user_00003,meditation,93.0,73.4,79.2
user_00003,community,77.5,79.2,81.9
user_00003,music,67.7,81.9,70.5
user_00004,mood,48.4,67.8,65.9
user_00004,meditation,71.4,65.9,74.3
user_00004,journal,69.6,74.3,76.7
user_00004,community,64.9,76.7,73.9
user_00004,meditation,75.8,73.9,71.2
user_00004,journal,55.9,71.2,67.3
user_00004,journal,55.8,67.3,63.8
user_00004,journal,65.8,63.8,61.2
user_00004,community,65.4,61.2,59.5
user_00004,community,85.6,59.5,62.4
user_00005,community,50.2,70.7,67.5
user_00005,mood,65.4,67.5,64.1
user_00005,mood,55.3,64.1,60.7
user_00005,journal,47.2,60.7,58.3
user_00005,meditation,82.6,58.3,67.4
user_00005,music,88.4,67.4,70.0
user_00005,community,76.6,70.0,72.8
user_00006,meditation,97.3,21.4,45.6
user_00006,mood,68.9,45.6,44.8
user_00006,mood,58.1,44.8,56.4
user_00006,mood,56.7,56.4,67.3
user_00006,journal,77.6,67.3,70.4
user_00006,meditation,73.6,70.4,64.2
user_00007,community,90.2,67.4,82.6
user_00007,meditation,70.9,82.6,86.7
user_00007,community,53.8,86.7,75.6
user_00007,journal,55.4,75.6,71.3
user_00007,journal,50.4,71.3,66.3
user_00007,community,58.6,66.3,74.3
user_00007,meditation,85.5,74.3,74.1
user_00007,music,69.8,74.1,83.5
user_00007,community,43.6,83.5,78.5
user_00007,meditation,73.5,78.5,76.5
user_00008,meditation,65.9,54.1,60.1
user_00008,mood,38.2,60.1,61.0
user_00008,mood,52.9,61.0,60.9
user_00008,mood,76.2,60.9,65.1
user_00009,mood,59.6,51.1,60.2
user_00009,community,44.8,60.2,62.2
user_00009,music,60.7,62.2,68.9
user_00009,meditation,70.7,68.9,73.4
user_00009,community,48.5,73.4,74.2
user_00010,meditation,84.2,23.6,46.0
user_00010,journal,52.1,46.0,43.5
user_00010,music,66.4,43.5,53.5
user_00010,music,82.2,53.5,52.7
user_00010,journal,46.7,52.7,56.5
user_00010,community,53.7,56.5,51.2
user_00011,mood,55.2,70.6,63.8
user_00011,mood,63.2,63.8,60.0
user_00011,music,67.7,60.0,61.3
user_00011,music,68.5,61.3,60.0
user_00011,meditation,57.1,60.0,67.0
user_00011,community,58.7,67.0,66.8
user_00011,mood,70.2,66.8,49.7
user_00011,community,73.8,49.7,48.6
user_00011,meditation,67.1,48.6,58.1
user_00011,meditation,73.0,58.1,62.2
user_00011,music,78.2,62.2,63.4
user_00012,music,64.0,51.5,61.4
user_00012,journal,74.5,61.4,65.9
user_00012,meditation,99.6,65.9,68.7
user_00012,mood,64.9,68.7,74.0
user_00012,mood,57.5,74.0,73.3
user_00012,community,65.4,73.3,77.1
user_00012,meditation,71.4,77.1,78.1
user_00012,journal,51.7,78.1,75.0
user_00013,journal,73.0,77.3,73.9
user_00013,mood,53.0,73.9,76.4
user_00013,meditation,82.6,76.4,76.7
user_00013,meditation,73.9,76.7,77.7
user_00013,community,61.0,77.7,75.2
user_00013,mood,52.8,75.2,68.1
user_00013,mood,34.3,68.1,62.2
user_00013,music,71.5,62.2,60.5
user_00013,music,88.2,60.5,65.0
user_00013,journal,52.1,65.0,69.3
user_00013,meditation,88.9,69.3,72.6
user_00014,mood,47.0,20.1,25.1
user_00014,meditation,68.6,25.1,40.3
user_00014,journal,61.5,40.3,44.2
user_00015,mood,54.3,73.6,63.7
user_00015,journal,50.9,63.7,63.9
user_00015,journal,57.4,63.9,65.3
user_00015,meditation,82.2,65.3,70.9
user_00015,journal,44.8,70.9,60.9
user_00015,music,66.9,60.9,63.1
user_00015,mood,39.9,63.1,56.8
user_00015,journal,64.7,56.8,50.4
user_00015,music,65.2,50.4,46.3
user_00015,journal,43.0,46.3,42.8
user_00015,meditation,79.8,42.8,54.1
user_00016,journal,91.7,61.8,74.7
user_00016,meditation,79.1,74.7,76.2
user_00016,community,64.0,76.2,74.1
user_00016,meditation,66.3,74.1,70.2
user_00016,meditation,82.5,70.2,79.5
user_00016,journal,58.2,79.5,78.4
user_00016,mood,56.0,78.4,77.6
user_00016,meditation,54.1,77.6,68.1
user_00017,mood,60.0,55.0,57.4
user_00017,community,67.9,57.4,59.9
user_00017,meditation,72.0,59.9,59.7
user_00017,music,71.2,59.7,57.9
user_00017,mood,56.9,57.9,61.2
user_00017,journal,78.6,61.2,52.7
user_00017,mood,61.4,52.7,49.7
user_00018,mood,49.1,68.7,73.6
user_00018,meditation,76.6,73.6,71.8
user_00018,meditation,79.3,71.8,64.1
user_00018,meditation,45.3,64.1,51.5
user_00018,journal,60.4,51.5,52.4
user_00018,meditation,90.6,52.4,66.5
user_00018,mood,43.9,66.5,55.9
user_00019,journal,69.2,45.9,49.7
user_00019,mood,45.0,49.7,41.4
user_00019,music,57.7,41.4,43.4
user_00020,meditation,79.7,36.3,48.2
user_00020,journal,47.6,48.2,50.7
user_00020,journal,65.4,50.7,52.5
user_00021,meditation,83.4,43.0,56.8
user_00021,mood,51.1,56.8,55.8
user_00021,meditation,85.2,55.8,69.2
user_00021,meditation,84.7,69.2,77.3
user_00021,music,80.6,77.3,74.9
user_00021,meditation,71.3,74.9,71.0
user_00021,mood,43.6,71.0,68.1
user_00021,meditation,83.5,68.1,67.8
user_00021,meditation,71.3,67.8,71.6
user_00021,journal,62.7,71.6,66.6
user_00022,meditation,58.8,41.5,42.8
user_00022,community,58.2,42.8,47.1
user_00022,meditation,76.1,47.1,56.1
user_00022,journal,61.6,56.1,59.0
user_00022,mood,40.8,59.0,60.4
user_00022,community,54.2,60.4,61.4
user_00022,journal,72.9,61.4,67.1
user_00022,community,52.1,67.1,62.8
user_00022,mood,48.2,62.8,59.9
user_00022,journal,50.5,59.9,52.8
user_00023,mood,68.7,69.6,68.6
user_00023,mood,55.3,68.6,67.4
user_00023,mood,73.3,67.4,58.9
user_00023,mood,59.2,58.9,62.3
user_00024,meditation,63.9,29.7,43.3
user_00024,mood,87.8,43.3,62.2
user_00024,journal,63.1,62.2,58.9
user_00024,community,75.5,58.9,64.8
user_00024,music,65.2,64.8,67.3
user_00024,meditation,84.7,67.3,76.5
user_00024,meditation,77.8,76.5,74.7
user_00024,mood,57.8,74.7,77.8
user_00025,meditation,64.5,27.9,34.9
user_00025,mood,55.9,34.9,37.0
user_00025,mood,45.2,37.0,39.7
user_00025,meditation,76.8,39.7,52.9
user_00025,music,59.2,52.9,46.8
user_00025,meditation,86.4,46.8,57.8
user_00025,community,58.5,57.8,52.7
user_00025,mood,52.9,52.7,58.5
user_00025,journal,78.6,58.5,73.9
user_00026,journal,59.6,61.1,68.9
user_00026,mood,57.1,68.9,67.6
user_00026,mood,66.1,67.6,71.1
user_00026,meditation,86.0,71.1,76.7
user_00026,meditation,54.6,76.7,68.9
user_00026,journal,53.6,68.9,73.8
user_00026,community,70.8,73.8,78.9
user_00026,meditation,60.8,78.9,78.0
user_00026,mood,37.9,78.0,73.7
user_00026,meditation,75.9,73.7,69.6
user_00026,music,51.8,69.6,63.5
user_00027,mood,61.8,42.8,47.3
user_00027,meditation,65.7,47.3,55.8
user_00027,meditation,52.6,55.8,45.8
user_00027,mood,73.1,45.8,55.3
user_00027,journal,56.6,55.3,63.7
user_00027,community,76.9,63.7,67.3
user_00028,community,79.4,44.6,61.1
user_00028,mood,41.1,61.1,52.8
user_00028,journal,28.1,52.8,47.9
user_00028,journal,48.9,47.9,53.4
user_00028,mood,39.0,53.4,51.4
user_00028,journal,46.5,51.4,45.3
user_00029,meditation,72.1,78.0,75.5
user_00029,music,67.9,75.5,80.8
user_00029,community,72.2,80.8,73.8
user_00030,journal,56.7,34.2,40.0
user_00030,journal,57.2,40.0,32.6
user_00030,meditation,80.6,32.6,46.8
user_00030,community,77.7,46.8,48.4
user_00030,journal,67.4,48.4,52.3
user_00030,meditation,68.8,52.3,58.6
user_00030,meditation,63.6,58.6,61.0
user_00030,mood,33.7,61.0,58.5
user_00031,meditation,61.4,56.6,53.0
user_00031,journal,51.2,53.0,55.7
user_00031,meditation,79.4,55.7,64.5
user_00031,mood,70.2,64.5,55.6
user_00031,mood,58.7,55.6,56.4
user_00031,mood,42.6,56.4,54.1
user_00031,meditation,75.5,54.1,63.9
user_00032,journal,76.1,32.8,31.1
user_00032,community,57.6,31.1,32.6
user_00032,meditation,92.1,32.6,45.1
user_00032,meditation,89.9,45.1,62.0
user_00032,meditation,53.5,62.0,64.9
user_00032,music,87.0,64.9,73.0
user_00032,community,90.9,73.0,72.4
user_00032,community,48.3,72.4,63.8
user_00032,meditation,100.0,63.8,74.0
user_00032,mood,69.4,74.0,66.4
user_00033,journal,54.3,73.7,65.1
user_00033,community,46.8,65.1,60.3
user_00033,music,47.7,60.3,55.6
user_00033,meditation,62.2,55.6,53.3
user_00033,journal,55.1,53.3,60.1
user_00034,music,75.9,29.7,32.3
user_00034,mood,43.0,32.3,24.5
user_00034,community,76.4,24.5,28.0
user_00034,meditation,63.6,28.0,40.2
user_00034,meditation,64.2,40.2,45.9
user_00035,community,52.3,40.0,56.2
user_00035,mood,48.7,56.2,54.4
user_00035,mood,51.0,54.4,54.9
user_00035,music,80.9,54.9,60.6
user_00035,meditation,86.6,60.6,73.7
user_00035,meditation,84.4,73.7,70.7
user_00035,mood,34.1,70.7,77.5
user_00036,community,69.2,63.6,63.3
user_00036,community,81.3,63.3,69.3
user_00036,mood,34.4,69.3,59.6
user_00036,meditation,77.8,59.6,63.5
user_00036,meditation,70.5,63.5,65.2
user_00036,mood,50.7,65.2,59.5
user_00036,journal,65.5,59.5,65.7
user_00037,meditation,68.8,27.2,44.0
user_00037,community,52.1,44.0,45.8
user_00037,community,61.0,45.8,46.3
user_00037,meditation,72.7,46.3,55.2
user_00037,journal,41.9,55.2,56.1
user_00037,journal,70.3,56.1,55.2
user_00037,mood,53.5,55.2,54.2
user_00037,community,80.7,54.2,62.6
user_00037,community,74.8,62.6,64.4
user_00037,mood,30.5,64.4,54.7
user_00038,journal,62.1,52.8,45.5
user_00038,mood,32.7,45.5,34.8
user_00038,meditation,75.9,34.8,52.7
user_00038,meditation,83.2,52.7,70.2
user_00038,community,67.8,70.2,67.6
user_00038,community,58.0,67.6,72.6
user_00039,community,30.8,26.9,28.0
user_00039,journal,68.4,28.0,41.8
user_00039,journal,58.0,41.8,39.3
user_00039,community,70.4,39.3,45.2
user_00040,music,64.5,52.0,49.6
user_00040,meditation,88.0,49.6,65.3
user_00040,journal,63.4,65.3,59.9
user_00040,journal,57.1,59.9,63.6
user_00040,mood,49.8,63.6,57.0
user_00041,journal,57.7,41.6,41.6
user_00041,mood,43.9,41.6,40.4
user_00041,community,53.7,40.4,41.9
user_00042,meditation,80.4,59.1,68.0
user_00042,journal,39.6,68.0,70.4
user_00042,mood,34.1,70.4,67.5
user_00043,meditation,68.1,27.5,39.3
user_00043,community,65.8,39.3,33.8
user_00043,mood,74.6,33.8,38.3
user_00043,community,69.7,38.3,47.0
user_00043,mood,69.4,47.0,47.6
user_00043,community,52.7,47.6,42.7
user_00043,music,96.0,42.7,51.9
user_00043,music,76.4,51.9,55.5
user_00043,journal,67.4,55.5,59.4
user_00043,meditation,81.1,59.4,67.2
user_00044,journal,37.7,64.1,70.3
user_00044,community,56.2,70.3,64.2
user_00044,meditation,78.8,64.2,66.0
user_00044,music,72.3,66.0,67.9
user_00044,mood,65.5,67.9,66.7
user_00044,community,85.7,66.7,75.8
user_00044,mood,52.5,75.8,71.7
user_00044,music,63.0,71.7,70.3
user_00044,journal,72.7,70.3,75.9
user_00045,meditation,84.7,61.8,67.4
user_00045,mood,42.9,67.4,60.8
user_00045,meditation,69.9,60.8,61.5
user_00045,meditation,46.4,61.5,54.8
user_00045,mood,35.1,54.8,59.6
user_00046,community,74.3,31.9,46.2
user_00046,journal,55.3,46.2,49.6
user_00046,journal,67.7,49.6,54.9
user_00046,mood,60.4,54.9,54.7
user_00046,community,64.3,54.7,50.6
user_00046,community,65.8,50.6,59.3
user_00047,mood,51.0,26.1,33.8
user_00047,meditation,57.2,33.8,45.5
user_00047,music,96.1,45.5,48.2
user_00047,mood,48.4,48.2,38.6
user_00047,music,77.8,38.6,41.9
user_00047,mood,62.8,41.9,35.8
user_00048,meditation,61.1,45.0,47.5
user_00048,mood,64.2,47.5,49.0
user_00048,mood,65.8,49.0,49.8
user_00048,community,81.7,49.8,59.3
user_00048,community,62.8,59.3,56.0
user_00048,music,53.0,56.0,55.6
user_00048,meditation,76.5,55.6,69.1
user_00048,journal,40.6,69.1,66.1
user_00048,meditation,57.3,66.1,63.5
user_00048,community,51.1,63.5,54.5
user_00048,meditation,75.5,54.5,69.3
user_00049,meditation,74.1,63.3,59.6
user_00049,journal,59.6,59.6,59.9
user_00049,community,83.6,59.9,70.1
user_00049,community,78.0,70.1,69.9
user_00049,community,67.6,69.9,64.4
user_00049,meditation,69.8,64.4,69.6
user_00049,mood,59.3,69.6,65.8
user_00049,mood,60.1,65.8,63.3
user_00049,journal,53.3,63.3,59.2
user_00050,music,73.5,53.4,54.2
user_00050,mood,66.1,54.2,50.0
user_00050,mood,27.4,50.0,51.3
user_00050,mood,52.1,51.3,54.9
user_00050,mood,64.7,54.9,58.6
user_00050,mood,69.1,58.6,48.0
user_00050,meditation,71.8,48.0,62.5
user_00051,meditation,83.4,65.4,70.3
user_00051,music,72.4,70.3,83.7
user_00051,mood,60.1,83.7,89.1
user_00051,music,66.5,89.1,80.2
user_00051,meditation,67.2,80.2,74.9
user_00052,mood,72.7,62.8,72.1
user_00052,mood,52.5,72.1,75.2
user_00052,meditation,72.4,75.2,57.9
user_00052,meditation,66.3,57.9,70.0
user_00052,community,77.4,70.0,74.2
user_00053,mood,73.3,71.8,73.1
user_00053,community,63.3,73.1,74.8
user_00053,mood,43.7,74.8,74.9
user_00053,journal,58.3,74.9,71.1
user_00053,journal,55.5,71.1,65.7
user_00054,community,68.9,28.7,47.9
user_00054,music,80.5,47.9,48.6
user_00054,mood,40.5,48.6,49.8
user_00054,mood,51.9,49.8,52.5
user_00054,music,83.8,52.5,64.2
user_00054,journal,59.3,64.2,59.1
user_00054,community,76.5,59.1,57.7
user_00054,journal,50.0,57.7,59.2
user_00054,journal,58.1,59.2,59.9
user_00055,mood,56.3,77.6,75.6
user_00055,community,82.6,75.6,81.9
user_00055,journal,48.9,81.9,81.4
user_00055,journal,75.9,81.4,82.0
user_00055,mood,67.7,82.0,77.2
user_00055,mood,68.8,77.2,79.2
user_00055,meditation,81.1,79.2,75.6
user_00055,music,76.1,75.6,81.0
user_00055,meditation,91.8,81.0,84.3
user_00055,community,54.1,84.3,80.2
user_00056,music,76.7,34.1,46.5
user_00056,meditation,66.9,46.5,53.9
user_00056,meditation,76.1,53.9,57.5
user_00057,community,72.2,48.3,56.2
user_00057,mood,42.7,56.2,55.1
user_00057,mood,55.2,55.1,51.5
user_00057,journal,47.0,51.5,50.4
user_00057,meditation,76.7,50.4,58.3
user_00057,music,71.0,58.3,57.9
user_00057,community,53.2,57.9,58.9
user_00057,mood,47.6,58.9,56.9
user_00057,community,41.1,56.9,54.6
user_00058,meditation,63.4,66.3,65.3
user_00058,community,53.5,65.3,66.1
user_00058,meditation,79.8,66.1,70.0
user_00058,journal,52.1,70.0,73.3
user_00059,mood,63.2,70.9,76.4
user_00059,community,43.9,76.4,70.7
user_00059,meditation,70.5,70.7,77.9
user_00059,journal,59.8,77.9,83.1
user_00059,mood,59.5,83.1,77.2
user_00059,meditation,87.5,77.2,82.5
user_00059,journal,65.6,82.5,82.5
user_00059,meditation,62.1,82.5,89.9
user_00059,journal,71.8,89.9,92.5
user_00059,mood,53.1,92.5,86.4
user_00060,mood,61.4,57.5,49.5
user_00060,journal,62.4,49.5,50.1
user_00060,meditation,64.4,50.1,53.6
user_00060,meditation,75.3,53.6,64.6
user_00060,meditation,82.5,64.6,75.2
user_00060,journal,67.2,75.2,75.5
user_00060,music,52.1,75.5,75.6
user_00061,mood,42.9,55.6,52.0
user_00061,meditation,59.4,52.0,56.4
user_00061,meditation,56.3,56.4,63.7
user_00061,community,40.5,63.7,60.0
user_00061,journal,37.7,60.0,68.1
user_00061,mood,71.0,68.1,59.6
user_00061,music,61.9,59.6,58.3
user_00061,journal,59.2,58.3,61.5
user_00062,music,61.8,79.9,71.8
user_00062,journal,49.7,71.8,74.9
user_00062,journal,50.1,74.9,73.5
user_00062,journal,56.0,73.5,75.2
user_00062,mood,51.6,75.2,63.3
user_00062,meditation,75.3,63.3,72.0
user_00062,community,40.6,72.0,63.3
user_00062,community,56.1,63.3,56.2
user_00062,community,84.2,56.2,64.3
user_00062,meditation,67.3,64.3,62.0
user_00063,journal,82.4,66.6,67.8
user_00063,meditation,68.8,67.8,60.7
user_00063,meditation,63.4,60.7,65.3
user_00063,mood,51.1,65.3,57.1
user_00063,music,78.3,57.1,60.0
user_00063,mood,55.5,60.0,51.3
user_00063,mood,59.0,51.3,48.7
user_00063,meditation,62.8,48.7,57.3
user_00063,mood,57.2,57.3,61.9
user_00063,mood,44.4,61.9,58.4
user_00063,mood,43.4,58.4,57.0
user_00064,meditation,86.5,32.9,42.4
user_00064,mood,55.3,42.4,42.0
user_00064,mood,55.7,42.0,50.1
user_00064,meditation,78.3,50.1,59.6
user_00064,mood,38.0,59.6,58.6
user_00064,music,56.6,58.6,65.1
user_00064,mood,54.6,65.1,66.8
user_00064,music,77.2,66.8,80.1
user_00064,meditation,82.0,80.1,75.4
user_00064,music,73.9,75.4,62.9
user_00064,journal,57.9,62.9,63.8
user_00065,meditation,72.1,63.4,66.5
user_00065,community,55.4,66.5,64.8
user_00065,community,70.8,64.8,67.2
user_00065,journal,77.7,67.2,68.4
user_00065,meditation,51.5,68.4,58.1
user_00065,meditation,75.1,58.1,67.5
user_00066,meditation,61.8,50.4,64.3
user_00066,mood,42.8,64.3,66.3
user_00066,journal,72.2,66.3,72.6
user_00066,community,87.7,72.6,76.4
user_00066,community,61.2,76.4,70.6
user_00066,journal,52.2,70.6,67.9
user_00066,music,76.5,67.9,60.2
user_00066,mood,58.6,60.2,56.4
user_00066,mood,82.6,56.4,59.5
user_00067,music,63.5,49.0,54.3
user_00067,community,58.4,54.3,54.4
user_00067,meditation,81.3,54.4,60.0
user_00067,meditation,53.6,60.0,56.3
user_00067,journal,92.3,56.3,66.6
user_00067,meditation,55.6,66.6,58.4
user_00067,music,86.2,58.4,65.6
user_00067,meditation,62.8,65.6,62.8
user_00067,meditation,56.9,62.8,61.7
user_00067,mood,67.5,61.7,60.9
user_00067,community,66.9,60.9,69.6
user_00068,mood,73.1,73.1,71.9
user_00068,meditation,86.0,71.9,70.4
user_00068,mood,48.5,70.4,72.0
user_00068,mood,81.2,72.0,78.2
user_00068,meditation,89.3,78.2,83.4
user_00068,meditation,98.6,83.4,98.3
user_00068,meditation,53.7,98.3,82.2
user_00068,meditation,63.3,82.2,70.0
user_00069,meditation,66.5,65.8,66.4
user_00069,meditation,62.1,66.4,63.6
user_00069,meditation,70.0,63.6,64.9
user_00069,mood,69.2,64.9,59.3
user_00069,community,57.5,59.3,58.8
user_00069,journal,49.1,58.8,58.7
user_00069,music,90.8,58.7,57.9
user_00069,meditation,70.2,57.9,65.4
user_00070,mood,41.5,34.9,31.1
user_00070,music,65.5,31.1,40.5
user_00070,community,65.9,40.5,43.0
user_00070,community,58.5,43.0,43.8
user_00070,community,66.3,43.8,48.5
user_00070,mood,51.1,48.5,48.3
user_00070,journal,58.9,48.3,45.1
user_00070,meditation,78.1,45.1,53.9
user_00070,music,74.4,53.9,45.5
user_00070,meditation,73.9,45.5,57.3
user_00070,meditation,76.2,57.3,66.6
user_00071,meditation,61.1,46.8,60.0
user_00071,meditation,61.9,60.0,59.9
user_00071,journal,59.9,59.9,58.7
user_00072,meditation,85.6,69.9,75.7
user_00072,meditation,83.3,75.7,79.0
user_00072,music,84.1,79.0,86.5
user_00072,mood,30.1,86.5,77.4
user_00072,mood,58.2,77.4,74.9
user_00072,journal,65.9,74.9,73.2
user_00072,journal,64.1,73.2,66.8
user_00072,community,64.8,66.8,74.1
user_00073,journal,64.5,61.0,61.6
user_00073,mood,57.9,61.6,60.6
user_00073,mood,58.4,60.6,69.7
user_00073,journal,48.9,69.7,59.4
user_00073,journal,51.6,59.4,59.0
user_00073,mood,66.2,59.0,62.3
user_00073,meditation,68.4,62.3,57.4
user_00074,mood,52.9,23.5,31.8
user_00074,meditation,68.3,31.8,48.1
user_00074,meditation,53.6,48.1,58.2
user_00075,mood,44.2,27.2,21.6
user_00075,mood,46.1,21.6,23.0
user_00075,music,94.4,23.0,36.4
user_00076,community,67.9,72.0,73.4
user_00076,meditation,80.3,73.4,73.3
user_00076,mood,50.3,73.3,67.8
user_00076,journal,53.4,67.8,65.4
user_00076,meditation,50.0,65.4,62.9
user_00076,community,72.0,62.9,53.4
user_00076,journal,58.1,53.4,54.4
user_00076,community,79.2,54.4,60.9
user_00077,music,88.1,50.0,63.1
user_00077,community,62.6,63.1,64.6
user_00077,journal,58.1,64.6,75.3
user_00077,community,76.9,75.3,73.8
user_00077,community,50.7,73.8,64.5
user_00077,journal,64.8,64.5,71.7
user_00077,mood,61.2,71.7,76.2
user_00077,journal,31.6,76.2,75.9
user_00077,community,84.9,75.9,78.6
user_00078,mood,58.0,51.0,50.5
user_00078,meditation,59.1,50.5,65.2
user_00078,journal,68.9,65.2,65.8
user_00078,community,67.8,65.8,65.2
user_00078,meditation,76.0,65.2,71.1
user_00078,mood,57.5,71.1,75.4
user_00078,mood,37.2,75.4,69.5
user_00078,mood,41.7,69.5,62.9
user_00078,mood,75.1,62.9,65.5
user_00079,community,62.2,79.6,73.6
user_00079,mood,31.7,73.6,74.4
user_00079,meditation,100.0,74.4,78.4
user_00079,mood,41.2,78.4,68.6
user_00079,mood,62.4,68.6,68.5
user_00079,music,65.4,68.5,68.9
user_00079,community,64.1,68.9,74.1
user_00079,music,96.7,74.1,68.3
user_00079,meditation,78.1,68.3,78.2
user_00080,mood,58.7,50.0,42.5
user_00080,music,56.1,42.5,37.8
user_00080,mood,65.9,37.8,41.6
user_00080,music,73.2,41.6,46.2
user_00080,community,64.0,46.2,48.2
user_00080,mood,49.7,48.2,51.4
user_00080,meditation,58.0,51.4,47.9
user_00080,meditation,71.9,47.9,47.2
user_00080,journal,54.6,47.2,45.9
user_00080,meditation,74.1,45.9,58.6
user_00081,community,50.4,58.1,54.2
user_00081,mood,57.2,54.2,56.4
user_00081,mood,45.1,56.4,66.4
user_00081,mood,32.2,66.4,66.2
user_00082,music,56.5,49.3,52.2
user_00082,meditation,73.0,52.2,61.0
user_00082,community,56.3,61.0,61.6
user_00082,mood,54.1,61.6,62.5
user_00082,meditation,89.1,62.5,69.3
user_00082,community,68.6,69.3,65.5
user_00082,mood,61.8,65.5,67.9
user_00082,community,43.3,67.9,65.6
user_00082,journal,45.0,65.6,62.9
user_00082,mood,41.7,62.9,55.5
user_00083,mood,44.3,21.1,29.4
user_00083,meditation,73.6,29.4,48.0
user_00083,mood,56.6,48.0,56.6
user_00084,meditation,83.3,59.7,72.4
user_00084,community,55.6,72.4,73.6
user_00084,meditation,65.8,73.6,73.6
user_00084,community,46.2,73.6,74.6
user_00085,meditation,82.2,43.5,60.5
user_00085,journal,69.0,60.5,66.3
user_00085,mood,47.9,66.3,62.3
user_00086,mood,54.0,68.6,63.9
user_00086,music,77.4,63.9,62.3
user_00086,meditation,90.2,62.3,72.4
user_00086,meditation,89.0,72.4,73.9
user_00087,journal,70.4,28.4,38.9
user_00087,mood,45.3,38.9,44.3
user_00087,journal,44.3,44.3,49.9
user_00087,community,62.3,49.9,45.0
user_00087,mood,28.1,45.0,44.2
user_00087,community,69.9,44.2,54.9
user_00088,meditation,85.2,63.9,78.1
user_00088,journal,52.3,78.1,78.1
user_00088,journal,66.3,78.1,78.4
user_00088,meditation,58.1,78.4,72.6
user_00088,mood,46.7,72.6,61.8
user_00088,mood,37.1,61.8,61.5
user_00088,mood,33.2,61.5,59.6
user_00088,journal,43.3,59.6,60.8
user_00088,mood,66.3,60.8,56.2
user_00088,community,57.9,56.2,55.9
user_00089,meditation,62.1,63.7,61.7
user_00089,mood,36.1,61.7,54.1
user_00089,meditation,69.7,54.1,51.3
user_00089,mood,85.3,51.3,56.8
user_00089,community,60.0,56.8,58.5
user_00089,meditation,84.6,58.5,72.4
user_00089,mood,54.9,72.4,67.4
user_00089,meditation,70.0,67.4,65.1
user_00089,meditation,66.7,65.1,69.8
user_00090,mood,45.2,68.3,63.7
user_00090,meditation,86.5,63.7,67.7
user_00090,community,50.3,67.7,57.9
user_00090,music,68.8,57.9,53.6
user_00090,journal,48.6,53.6,55.3
user_00091,meditation,76.9,39.0,49.5
user_00091,community,50.2,49.5,53.0
user_00091,community,58.3,53.0,52.6
user_00092,community,78.6,36.0,43.0
user_00092,journal,77.8,43.0,45.9
user_00092,mood,60.2,45.9,46.9
user_00092,journal,78.0,46.9,43.0
user_00092,journal,60.6,43.0,54.1
user_00092,journal,58.7,54.1,46.5
user_00092,community,54.7,46.5,43.8
user_00092,meditation,62.0,43.8,45.3
user_00093,journal,69.9,48.4,58.7
user_00093,journal,62.4,58.7,57.4
user_00093,community,54.3,57.4,52.8
user_00093,mood,54.9,52.8,59.4
user_00093,community,67.8,59.4,51.6
user_00093,journal,86.7,51.6,53.4
user_00093,mood,40.6,53.4,52.9
user_00093,community,46.0,52.9,54.3
user_00093,community,55.5,54.3,53.3
user_00094,mood,54.3,79.5,75.7
user_00094,community,44.1,75.7,67.6
user_00094,meditation,61.3,67.6,63.9
user_00094,meditation,82.6,63.9,79.8
user_00094,music,78.4,79.8,82.2
user_00094,mood,35.4,82.2,75.9
user_00094,mood,64.0,75.9,64.8
user_00094,meditation,55.1,64.8,55.1
user_00094,music,79.5,55.1,58.8
user_00095,meditation,82.0,79.6,81.0
user_00095,music,78.0,81.0,84.6
user_00095,meditation,100.0,84.6,91.4
user_00095,mood,76.8,91.4,91.7
user_00095,meditation,98.2,91.7,96.0
user_00095,mood,82.3,96.0,100.0
user_00096,meditation,82.1,53.2,49.4
user_00096,music,56.3,49.4,55.2
user_00096,mood,43.8,55.2,54.3
user_00096,meditation,75.5,54.3,64.3
user_00096,journal,56.4,64.3,65.6
user_00096,music,80.5,65.6,75.8
user_00096,mood,43.6,75.8,68.0
user_00096,mood,53.0,68.0,59.8
user_00097,meditation,69.8,51.0,61.2
user_00097,mood,46.7,61.2,51.3
user_00097,music,55.6,51.3,53.8
user_00097,mood,61.5,53.8,59.7
user_00097,music,95.6,59.7,62.5
user_00097,music,60.8,62.5,58.2
user_00098,journal,74.1,29.2,31.8
user_00098,mood,58.6,31.8,42.0
user_00098,journal,52.4,42.0,44.1
user_00098,community,80.0,44.1,50.7
user_00099,meditation,65.6,62.0,56.7
user_00099,mood,46.0,56.7,50.1
user_00099,journal,75.2,50.1,50.0
user_00099,mood,51.7,50.0,49.0
user_00100,mood,61.8,46.3,48.9
user_00100,community,66.7,48.9,61.9
user_00100,community,66.4,61.9,61.9
user_00100,journal,57.8,61.9,49.7
user_00100,mood,58.2,49.7,40.5
user_00100,meditation,77.1,40.5,59.7
user_00100,mood,56.8,59.7,64.5
user_00100,mood,50.1,64.5,65.6
user_00100,journal,73.7,65.6,70.6
user_00100,journal,66.0,70.6,73.2
user_00100,mood,51.1,73.2,84.5
user_00101,mood,44.5,28.0,17.8
user_00101,community,67.3,17.8,31.3
user_00101,mood,36.2,31.3,33.1
user_00102,meditation,77.0,71.7,79.8
user_00102,music,80.5,79.8,80.7
user_00102,journal,71.5,80.7,77.7
user_00102,meditation,76.9,77.7,84.7
user_00102,meditation,85.9,84.7,84.9
user_00102,mood,51.4,84.9,77.7
user_00102,meditation,68.1,77.7,71.0
user_00103,music,85.7,79.8,88.3
user_00103,meditation,66.2,88.3,76.4
user_00103,meditation,83.4,76.4,70.4
user_00104,mood,77.8,68.9,71.8
user_00104,meditation,76.8,71.8,70.0
user_00104,journal,59.2,70.0,62.3
user_00104,music,67.9,62.3,69.7
user_00104,mood,54.2,69.7,59.5
user_00104,meditation,72.9,59.5,57.8
user_00105,music,69.8,46.5,53.6
user_00105,community,55.1,53.6,55.2
user_00105,mood,74.4,55.2,62.7
user_00105,journal,90.6,62.7,63.3
user_00105,journal,50.7,63.3,64.3
user_00105,meditation,72.6,64.3,56.8
user_00105,meditation,87.8,56.8,68.0
user_00106,meditation,79.5,22.6,44.4
user_00106,music,43.0,44.4,49.0
user_00106,meditation,85.8,49.0,63.2
user_00106,journal,52.8,63.2,68.6
user_00106,journal,35.5,68.6,68.0
user_00106,journal,63.4,68.0,65.3
user_00106,journal,55.5,65.3,66.9
user_00106,journal,60.4,66.9,56.1
user_00106,mood,76.8,56.1,58.8
user_00106,community,38.7,58.8,57.4
user_00106,journal,47.9,57.4,50.5
user_00107,mood,45.3,26.4,32.6
user_00107,music,59.7,32.6,46.7
user_00107,community,76.8,46.7,48.8
user_00107,music,82.2,48.8,61.2
user_00108,meditation,96.3,40.4,54.1
user_00108,meditation,64.4,54.1,60.2
user_00108,mood,51.7,60.2,53.8
user_00108,mood,44.3,53.8,51.5
user_00108,meditation,94.8,51.5,73.5
user_00108,mood,51.1,73.5,70.8
user_00108,meditation,88.9,70.8,86.9
user_00108,mood,57.5,86.9,76.6
user_00108,mood,60.5,76.6,73.1
user_00108,journal,48.8,73.1,78.2
user_00108,community,75.9,78.2,89.5
user_00109,journal,46.1,71.7,70.9
user_00109,mood,52.1,70.9,72.1
user_00109,mood,64.0,72.1,72.3
user_00109,journal,66.0,72.3,81.4
user_00109,journal,61.2,81.4,79.4
user_00110,community,70.3,51.5,55.8
user_00110,meditation,67.0,55.8,65.2
user_00110,meditation,81.5,65.2,76.9
user_00110,meditation,87.1,76.9,76.3
user_00110,meditation,67.8,76.3,66.3
user_00110,community,63.0,66.3,63.6
user_00110,journal,46.7,63.6,72.2
user_00110,mood,53.6,72.2,66.7
user_00111,meditation,84.3,61.3,64.5
user_00111,meditation,77.6,64.5,72.7
user_00111,mood,53.9,72.7,74.8
user_00111,meditation,65.8,74.8,72.2
user_00111,music,80.6,72.2,68.9
user_00111,music,66.0,68.9,64.7
user_00111,meditation,92.7,64.7,76.2
user_00111,music,70.1,76.2,69.1
user_00112,meditation,67.2,74.4,66.4
user_00112,community,64.1,66.4,66.9
user_00112,community,87.8,66.9,72.9
user_00112,meditation,61.1,72.9,65.9
user_00112,meditation,83.2,65.9,65.4
user_00112,meditation,80.7,65.4,69.9
user_00113,mood,54.5,70.9,62.0
user_00113,community,48.6,62.0,54.7
user_00113,journal,44.4,54.7,51.9
user_00113,journal,71.1,51.9,48.2
user_00113,community,67.0,48.2,54.8
user_00113,community,57.1,54.8,54.5
user_00113,mood,62.3,54.5,56.5
user_00113,mood,66.7,56.5,53.9
user_00113,community,54.6,53.9,54.0
user_00113,journal,48.7,54.0,51.3
user_00113,mood,67.8,51.3,50.3
user_00114,meditation,89.8,44.6,59.2
user_00114,mood,44.7,59.2,48.7
user_00114,music,67.2,48.7,45.2
user_00114,mood,56.5,45.2,49.4
user_00114,meditation,94.9,49.4,70.1
user_00114,community,62.7,70.1,73.4
user_00114,community,65.4,73.4,74.0
user_00115,meditation,61.4,63.9,56.2
user_00115,journal,74.6,56.2,63.0
user_00115,community,70.5,63.0,78.1
user_00115,journal,69.8,78.1,79.7
user_00115,mood,51.1,79.7,77.3
user_00115,mood,47.4,77.3,76.3
user_00116,meditation,79.4,70.3,76.1
user_00116,mood,60.5,76.1,74.6
user_00116,community,73.0,74.6,74.2
user_00116,journal,37.9,74.2,74.1
user_00116,meditation,78.8,74.1,69.1
user_00116,journal,56.5,69.1,62.1
user_00117,journal,74.7,36.0,48.1
user_00117,meditation,81.7,48.1,57.2
user_00117,mood,32.7,57.2,55.1
user_00117,mood,56.3,55.1,55.2
user_00117,meditation,84.7,55.2,56.3
user_00117,meditation,67.7,56.3,53.6
user_00117,music,61.3,53.6,57.9
user_00117,mood,60.7,57.9,56.7
user_00117,music,67.7,56.7,60.9
user_00117,music,69.6,60.9,58.8
user_00117,journal,64.7,58.8,59.2
user_00118,mood,69.2,65.3,65.0
user_00118,meditation,65.5,65.0,73.8
user_00118,community,42.4,73.8,73.4
user_00118,community,52.9,73.4,70.0
user_00118,mood,61.8,70.0,72.0
user_00118,journal,61.0,72.0,79.9
user_00118,mood,75.7,79.9,78.2
user_00118,meditation,62.3,78.2,76.7
user_00118,meditation,63.1,76.7,77.1
user_00118,community,63.4,77.1,78.7
user_00119,community,51.6,60.6,52.5
user_00119,meditation,52.9,52.5,59.6
user_00119,meditation,79.6,59.6,69.5
user_00119,music,75.1,69.5,73.0
user_00119,mood,60.7,73.0,78.0
user_00119,meditation,74.4,78.0,83.6
user_00119,music,77.4,83.6,84.3
user_00119,music,81.0,84.3,84.7
user_00120,community,86.1,55.8,67.5
user_00120,journal,47.0,67.5,67.5
user_00120,journal,79.5,67.5,70.3
user_00120,music,65.2,70.3,70.4
user_00120,journal,74.9,70.4,74.6
user_00120,journal,62.3,74.6,80.3
user_00120,meditation,66.2,80.3,72.9
user_00120,music,43.6,72.9,68.2
user_00121,community,64.7,34.5,30.7
user_00121,meditation,88.0,30.7,51.1
user_00121,mood,31.9,51.1,40.1
user_00121,community,56.2,40.1,52.6
user_00121,meditation,75.0,52.6,61.5
user_00121,meditation,77.0,61.5,62.2
user_00121,meditation,72.4,62.2,66.5
user_00121,mood,66.6,66.5,62.3
user_00121,journal,54.4,62.3,68.2
user_00122,meditation,65.4,46.7,58.9
user_00122,mood,32.9,58.9,55.2
user_00122,mood,54.1,55.2,49.4
user_00122,mood,46.3,49.4,52.1
user_00122,mood,54.7,52.1,52.6
user_00122,mood,58.8,52.6,56.7
user_00122,music,50.7,56.7,52.6
user_00122,music,67.2,52.6,43.1
user_00122,meditation,59.5,43.1,54.9
user_00123,mood,48.7,74.6,67.5
user_00123,mood,69.4,67.5,64.9
user_00123,mood,53.9,64.9,55.4
user_00123,community,60.6,55.4,57.7
user_00123,meditation,64.9,57.7,70.0
user_00123,community,66.8,70.0,64.5
user_00124,mood,51.2,63.0,64.4
user_00124,journal,66.7,64.4,68.1
user_00124,journal,63.3,68.1,75.7
user_00124,mood,65.0,75.7,70.5
user_00125,mood,52.0,27.5,35.7
user_00125,music,78.5,35.7,50.6
user_00125,meditation,75.9,50.6,56.6
user_00125,community,65.3,56.6,58.6
user_00125,mood,53.7,58.6,48.1
user_00125,mood,50.9,48.1,46.6
user_00125,mood,52.0,46.6,42.7
user_00125,music,62.5,42.7,47.9
user_00125,meditation,78.9,47.9,52.5
user_00125,community,41.1,52.5,56.2
user_00126,journal,65.1,76.9,70.1
user_00126,journal,52.9,70.1,63.4
user_00126,journal,67.2,63.4,61.2
user_00126,journal,64.0,61.2,55.4
user_00126,journal,77.8,55.4,51.7
user_00126,meditation,49.6,51.7,45.4
user_00127,mood,65.9,54.4,45.5
user_00127,journal,82.9,45.5,59.7
user_00127,meditation,70.6,59.7,69.3
user_00128,music,63.8,23.9,25.0
user_00128,mood,56.8,25.0,22.0
user_00128,meditation,58.3,22.0,33.6
user_00129,mood,71.6,52.0,45.2
user_00129,mood,50.5,45.2,48.9
user_00129,mood,50.5,48.9,55.5
user_00129,meditation,72.0,55.5,59.3
user_00129,meditation,85.5,59.3,61.9
user_00130,meditation,88.4,65.7,67.0
user_00130,meditation,79.0,67.0,64.9
user_00130,music,77.1,64.9,64.1
user_00130,meditation,78.4,64.1,75.6
user_00130,mood,66.9,75.6,71.1
user_00130,meditation,55.6,71.1,69.7
user_00130,journal,57.0,69.7,59.3
user_00131,mood,75.8,35.5,35.9
user_00131,mood,69.1,35.9,41.3
user_00131,mood,40.6,41.3,45.0
user_00131,meditation,67.3,45.0,51.6
user_00131,journal,68.1,51.6,49.7
user_00132,mood,47.8,59.1,58.5
user_00132,journal,73.8,58.5,46.7
user_00132,journal,75.3,46.7,48.4
user_00132,journal,79.8,48.4,51.6
user_00132,meditation,84.8,51.6,65.8
user_00132,community,49.9,65.8,64.3
user_00132,community,55.3,64.3,56.5
user_00132,meditation,59.4,56.5,57.6
user_00132,community,58.3,57.6,62.4
user_00133,mood,45.0,78.2,73.9
user_00133,journal,67.2,73.9,75.6
user_00133,mood,80.6,75.6,78.6
user_00133,community,56.0,78.6,81.0
user_00134,mood,74.0,23.4,25.6
user_00134,community,31.6,25.6,22.3
user_00134,mood,52.7,22.3,23.4
user_00134,meditation,88.1,23.4,45.5
user_00134,mood,57.4,45.5,46.8
user_00134,mood,44.7,46.8,44.5
user_00135,music,64.9,71.9,66.1
user_00135,mood,77.0,66.1,72.0
user_00135,journal,44.1,72.0,63.7
user_00135,mood,60.7,63.7,59.9
user_00135,music,66.3,59.9,60.3
user_00135,mood,40.1,60.3,63.2
user_00135,community,46.7,63.2,63.3
user_00135,music,70.1,63.3,65.3
user_00136,meditation,79.5,67.5,69.6
user_00136,music,68.2,69.6,68.9
user_00136,community,47.5,68.9,67.9
user_00136,mood,64.5,67.9,67.4
user_00136,mood,43.6,67.4,68.1
user_00136,journal,84.6,68.1,61.3
user_00136,mood,24.3,61.3,55.3
user_00137,mood,46.7,67.4,61.7
user_00137,music,65.2,61.7,55.5
user_00137,mood,63.1,55.5,57.3
user_00137,mood,65.4,57.3,57.6
user_00137,music,61.5,57.6,65.6
user_00137,meditation,88.3,65.6,71.6
user_00137,meditation,59.2,71.6,62.4
user_00137,meditation,76.3,62.4,70.8
user_00137,meditation,72.7,70.8,76.3
user_00137,mood,39.6,76.3,66.7
user_00137,mood,52.7,66.7,71.5
user_00138,mood,53.8,43.5,54.6
user_00138,mood,64.8,54.6,69.4
user_00138,music,69.5,69.4,72.0
user_00138,meditation,63.8,72.0,70.2
user_00138,meditation,71.6,70.2,68.1
user_00138,community,63.4,68.1,75.0
user_00138,music,64.5,75.0,68.8
user_00139,journal,63.8,55.5,59.1
user_00139,music,80.5,59.1,57.4
user_00139,meditation,100.0,57.4,70.5
user_00139,journal,41.9,70.5,63.4
user_00140,community,52.4,21.2,32.6
user_00140,community,81.4,32.6,42.3
user_00140,journal,60.7,42.3,47.0
user_00140,music,91.7,47.0,49.4
user_00140,mood,56.3,49.4,51.2
user_00140,meditation,58.2,51.2,48.8
user_00140,meditation,98.2,48.8,67.5
user_00140,mood,79.5,67.5,73.4
user_00140,mood,41.9,73.4,64.0
user_00140,mood,58.5,64.0,61.9
user_00140,journal,54.7,61.9,50.2
user_00141,mood,40.9,61.3,52.8
user_00141,community,57.0,52.8,53.3
user_00141,music,70.6,53.3,66.6
user_00142,journal,66.9,28.4,35.7
user_00142,community,60.8,35.7,39.8
user_00142,mood,44.3,39.8,31.7
user_00142,mood,52.0,31.7,28.8
user_00142,meditation,59.3,28.8,39.9
user_00142,meditation,64.5,39.9,49.3
user_00142,meditation,66.3,49.3,57.8
user_00142,meditation,78.7,57.8,68.2
user_00142,meditation,80.3,68.2,65.2
user_00142,community,70.8,65.2,66.5
user_00142,journal,67.5,66.5,59.3
user_00143,meditation,73.3,22.1,36.6
user_00143,mood,64.7,36.6,41.1
user_00143,journal,69.4,41.1,38.2
user_00143,community,50.2,38.2,47.3
user_00143,journal,66.4,47.3,44.9
user_00144,mood,64.8,78.1,82.4
user_00144,mood,56.9,82.4,72.5
user_00144,mood,53.4,72.5,70.4
user_00144,journal,53.7,70.4,63.8
user_00144,meditation,82.2,63.8,71.4
user_00145,community,58.7,62.9,60.3
user_00145,mood,50.7,60.3,59.3
user_00145,meditation,73.1,59.3,66.8
user_00145,music,75.9,66.8,68.3
user_00145,mood,38.9,68.3,60.5
user_00145,journal,64.3,60.5,53.1
user_00146,mood,53.9,31.3,37.5
user_00146,meditation,76.2,37.5,49.2
user_00146,music,63.6,49.2,51.1
user_00146,mood,55.2,51.1,51.8
user_00147,mood,65.7,45.0,47.5
user_00147,community,39.6,47.5,44.7
user_00147,community,75.9,44.7,47.5
user_00147,mood,69.3,47.5,52.3
user_00147,community,70.2,52.3,60.1
user_00147,music,90.7,60.1,69.0
user_00147,meditation,64.5,69.0,71.4
user_00147,journal,54.0,71.4,64.5
user_00147,journal,80.8,64.5,61.4
user_00148,meditation,79.8,58.8,66.0
user_00148,journal,63.5,66.0,64.5
user_00148,meditation,100.0,64.5,73.3
user_00148,mood,59.4,73.3,71.3
user_00148,mood,53.4,71.3,67.5
user_00149,journal,48.6,78.2,74.6
user_00149,meditation,78.1,74.6,80.9
user_00149,mood,55.7,80.9,79.4
user_00149,mood,43.2,79.4,72.1
user_00149,community,64.9,72.1,58.3
user_00149,community,57.8,58.3,58.7
user_00149,mood,61.2,58.7,54.2
user_00150,mood,51.1,57.0,54.2
user_00150,meditation,75.2,54.2,67.4
user_00150,journal,86.3,67.4,71.8
user_00150,mood,51.8,71.8,70.2
user_00150,meditation,77.4,70.2,79.1
user_00150,meditation,92.9,79.1,86.9
user_00151,community,65.0,41.5,46.4
user_00151,mood,42.8,46.4,41.3
user_00151,meditation,72.3,41.3,53.1
user_00151,mood,51.0,53.1,61.1
user_00151,meditation,68.7,61.1,60.2
user_00151,meditation,77.5,60.2,58.7
user_00151,mood,63.2,58.7,68.6
user_00152,community,62.3,68.6,68.6
user_00152,mood,47.7,68.6,62.4
user_00152,meditation,78.7,62.4,67.6
user_00152,journal,43.7,67.6,66.4
user_00152,mood,70.5,66.4,58.5
user_00152,music,48.5,58.5,53.4
user_00152,mood,42.7,53.4,42.6
user_00152,meditation,69.8,42.6,56.8
user_00152,mood,55.6,56.8,54.4
user_00152,journal,54.9,54.4,49.9
user_00152,mood,55.3,49.9,46.4
user_00153,meditation,69.0,24.4,37.8
user_00153,journal,65.0,37.8,43.4
user_00153,mood,49.6,43.4,47.4
user_00153,community,70.5,47.4,40.8
user_00154,meditation,93.0,67.1,72.2
user_00154,meditation,74.1,72.2,76.6
user_00154,journal,54.7,76.6,80.2
user_00154,mood,54.7,80.2,77.6
user_00154,music,38.7,77.6,63.4
user_00155,meditation,68.9,36.1,56.2
user_00155,meditation,59.8,56.2,57.5
user_00155,music,67.0,57.5,63.9
user_00155,community,63.1,63.9,52.9
user_00156,mood,52.2,34.0,30.9
user_00156,community,67.0,30.9,29.3
user_00156,mood,55.2,29.3,37.1
user_00156,meditation,64.6,37.1,50.6
user_00157,mood,72.8,35.4,39.1
user_00157,meditation,95.0,39.1,57.5
user_00157,music,61.3,57.5,49.5
user_00157,journal,72.3,49.5,55.2
user_00157,journal,79.4,55.2,58.5
user_00158,journal,60.0,46.8,41.6
user_00158,community,51.2,41.6,40.0
user_00158,meditation,68.7,40.0,45.8
user_00158,journal,59.7,45.8,52.7
user_00158,music,84.3,52.7,62.3
user_00159,journal,70.2,40.3,42.8
user_00159,music,56.3,42.8,35.8
user_00159,journal,47.6,35.8,26.4
user_00160,music,72.4,34.1,46.3
user_00160,community,58.9,46.3,47.2
user_00160,meditation,62.5,47.2,53.5
user_00160,meditation,74.6,53.5,66.8
user_00160,community,64.2,66.8,65.4
user_00160,mood,59.2,65.4,63.1
user_00160,mood,59.4,63.1,63.1
user_00161,mood,63.4,48.5,49.6
user_00161,journal,43.8,49.6,52.2
user_00161,community,73.6,52.2,52.8
user_00161,mood,58.6,52.8,47.8
user_00161,meditation,97.5,47.8,71.6
user_00161,meditation,95.7,71.6,79.9
user_00161,mood,49.7,79.9,82.1
user_00161,journal,66.9,82.1,84.2
user_00161,mood,37.5,84.2,76.5
user_00161,mood,54.1,76.5,74.8
user_00161,mood,42.8,74.8,71.5
user_00162,meditation,82.0,69.1,78.3
user_00162,mood,64.0,78.3,73.6
user_00162,mood,35.4,73.6,69.8
user_00162,mood,60.7,69.8,70.1
user_00162,journal,68.7,70.1,72.5
user_00163,mood,55.9,36.4,50.1
user_00163,meditation,99.5,50.1,53.0
user_00163,mood,46.3,53.0,48.2
user_00163,meditation,77.5,48.2,58.2
user_00163,music,58.6,58.2,65.5
user_00163,journal,32.7,65.5,60.4
user_00163,community,73.9,60.4,67.9
user_00163,meditation,54.5,67.9,57.3
user_00163,journal,69.6,57.3,61.5
user_00164,community,69.8,54.0,57.7
user_00164,meditation,78.7,57.7,63.5
user_00164,mood,59.2,63.5,57.3
user_00164,journal,77.7,57.3,60.8
user_00164,music,56.6,60.8,54.6
user_00164,journal,51.6,54.6,59.0
user_00164,mood,45.0,59.0,52.7
user_00164,meditation,76.2,52.7,63.0
user_00164,mood,44.8,63.0,63.1
user_00164,meditation,95.3,63.1,76.2
user_00165,journal,33.2,77.8,64.8
user_00165,community,88.5,64.8,70.9
user_00165,meditation,59.3,70.9,60.9
user_00165,mood,51.2,60.9,55.9
user_00165,meditation,61.0,55.9,60.4
user_00165,community,65.0,60.4,58.8
user_00165,community,60.0,58.8,55.2
user_00165,journal,44.7,55.2,58.0
user_00165,community,65.4,58.0,68.2
user_00165,mood,49.6,68.2,60.1
user_00165,meditation,63.9,60.1,69.8
user_00166,mood,51.2,53.5,49.7
user_00166,journal,54.9,49.7,50.9
user_00166,meditation,71.4,50.9,61.2
user_00166,mood,45.9,61.2,61.5
user_00167,mood,58.8,63.1,64.9
user_00167,journal,43.8,64.9,65.2
user_00167,mood,62.4,65.2,62.7
user_00167,meditation,72.9,62.7,64.5
user_00168,journal,80.7,47.1,50.4
user_00168,music,61.5,50.4,57.0
user_00168,community,75.5,57.0,60.0
user_00168,mood,59.4,60.0,64.6
user_00168,community,63.6,64.6,66.9
user_00168,journal,45.2,66.9,65.9
user_00168,meditation,76.0,65.9,68.3
user_00168,mood,62.6,68.3,71.8
user_00168,meditation,78.5,71.8,72.4
user_00168,community,65.0,72.4,78.0
user_00168,mood,36.5,78.0,65.6
user_00169,music,53.1,49.6,52.0
user_00169,mood,68.3,52.0,51.9
user_00169,mood,47.4,51.9,54.8
user_00169,community,52.8,54.8,59.4
user_00169,meditation,87.7,59.4,60.0
user_00169,music,43.0,60.0,63.1
user_00169,meditation,81.2,63.1,64.5
user_00169,meditation,75.5,64.5,73.2
user_00169,music,78.8,73.2,60.2
user_00170,mood,48.4,30.9,28.8
user_00170,community,46.3,28.8,36.8
user_00170,music,79.6,36.8,39.3
user_00170,community,71.3,39.3,47.4
user_00170,mood,54.7,47.4,47.5
user_00170,mood,62.5,47.5,51.0
user_00170,meditation,52.7,51.0,58.2
user_00170,mood,59.3,58.2,55.2
user_00170,music,58.7,55.2,54.1
user_00171,mood,58.1,69.8,64.2
user_00171,meditation,87.1,64.2,66.5
user_00171,meditation,56.5,66.5,51.9
user_00171,mood,52.1,51.9,49.0
user_00171,mood,37.1,49.0,39.8
user_00171,music,88.5,39.8,51.8
user_00171,mood,63.0,51.8,59.7
user_00172,community,62.5,64.1,57.1
user_00172,mood,28.5,57.1,54.7
user_00172,community,59.9,54.7,55.0
user_00172,journal,47.7,55.0,54.5
user_00172,community,63.0,54.5,46.1
user_00172,journal,70.8,46.1,55.9
user_00172,community,78.0,55.9,63.7
user_00172,community,66.7,63.7,61.9
user_00172,mood,63.9,61.9,59.4
user_00172,meditation,63.8,59.4,57.9
user_00173,community,55.2,48.7,49.3
user_00173,journal,53.9,49.3,50.1
user_00173,mood,47.6,50.1,50.2
user_00173,mood,45.4,50.2,48.6
user_00173,meditation,85.3,48.6,59.2
user_00173,journal,57.7,59.2,52.9
user_00173,community,55.5,52.9,57.6
user_00173,community,80.6,57.6,64.1
user_00174,mood,76.6,41.2,41.1
user_00174,mood,64.3,41.1,44.3
user_00174,meditation,95.9,44.3,61.9
user_00174,journal,74.3,61.9,62.2
user_00174,mood,51.2,62.2,59.6
user_00174,mood,75.6,59.6,63.2
user_00174,mood,66.7,63.2,59.2
user_00174,mood,64.9,59.2,50.1
user_00174,community,54.3,50.1,48.5
user_00175,journal,56.4,21.6,26.5
user_00175,meditation,100.0,26.5,45.5
user_00175,journal,69.3,45.5,45.9
user_00175,mood,34.8,45.9,42.6
user_00175,community,78.8,42.6,45.8
user_00175,journal,74.0,45.8,46.6
user_00175,mood,54.4,46.6,57.6
user_00175,mood,61.6,57.6,58.0
user_00175,meditation,86.3,58.0,63.0
user_00175,meditation,76.5,63.0,67.1
user_00176,community,82.4,47.1,50.8
user_00176,journal,72.5,50.8,48.5
user_00176,mood,77.3,48.5,46.8
user_00176,journal,60.9,46.8,43.2
user_00176,mood,45.4,43.2,39.5
user_00176,mood,58.3,39.5,44.0
user_00176,mood,42.1,44.0,47.4
user_00177,community,69.0,21.0,40.6
user_00177,mood,55.6,40.6,49.9
user_00177,journal,53.2,49.9,54.8
user_00178,mood,62.2,38.7,47.6
user_00178,mood,60.0,47.6,48.3
user_00178,community,46.7,48.3,47.0
user_00178,meditation,46.2,47.0,48.5
user_00178,mood,62.0,48.5,55.5
user_00179,journal,48.0,43.8,44.1
user_00179,mood,46.6,44.1,41.1
user_00179,community,78.0,41.1,42.4
user_00179,mood,58.6,42.4,39.9
user_00179,journal,55.1,39.9,37.1
user_00179,music,80.0,37.1,56.9
user_00179,meditation,77.5,56.9,72.1
user_00179,community,56.3,72.1,60.1
user_00180,journal,42.2,66.0,59.4
user_00180,journal,72.0,59.4,62.2
user_00180,meditation,78.8,62.2,67.7
user_00180,mood,36.6,67.7,58.0
user_00180,meditation,52.4,58.0,67.2
user_00181,mood,53.3,71.3,67.8
user_00181,mood,38.8,67.8,62.2
user_00181,meditation,77.6,62.2,59.3
user_00181,mood,44.4,59.3,57.0
user_00181,community,82.9,57.0,60.1
user_00181,community,76.9,60.1,60.4
user_00181,meditation,81.2,60.4,70.4
user_00182,meditation,78.1,29.5,39.3
user_00182,meditation,81.1,39.3,51.1
user_00182,mood,65.4,51.1,58.3
user_00183,journal,62.7,30.4,34.1
user_00183,music,47.6,34.1,33.8
user_00183,mood,68.9,33.8,32.4
user_00183,community,65.8,32.4,33.2
user_00183,mood,52.3,33.2,42.1
user_00183,meditation,65.4,42.1,45.9
user_00183,music,68.8,45.9,53.7
user_00183,meditation,70.0,53.7,61.0
user_00183,meditation,70.2,61.0,60.0
user_00184,meditation,74.7,65.2,74.8
user_00184,music,77.1,74.8,82.2
user_00184,music,71.3,82.2,81.3
user_00184,meditation,61.3,81.3,78.2
user_00184,mood,43.2,78.2,62.5
user_00184,journal,62.2,62.5,66.2
user_00184,mood,81.7,66.2,73.7
user_00184,mood,63.9,73.7,76.0
user_00184,meditation,65.2,76.0,72.5
user_00185,journal,71.1,30.6,45.9
user_00185,journal,62.6,45.9,43.4
user_00185,meditation,80.5,43.4,60.5
user_00185,meditation,55.1,60.5,50.9
user_00185,meditation,76.9,50.9,52.4
user_00185,mood,56.6,52.4,55.0
user_00185,meditation,71.0,55.0,56.3
user_00185,mood,69.2,56.3,60.6
user_00185,meditation,56.5,60.6,55.2
user_00185,mood,41.4,55.2,59.6
user_00186,journal,62.5,41.3,34.5
user_00186,community,57.7,34.5,45.5
user_00186,journal,57.3,45.5,44.1
user_00186,mood,38.5,44.1,42.4
user_00186,mood,50.5,42.4,51.4
user_00186,mood,50.0,51.4,46.5
user_00186,community,79.0,46.5,55.2
user_00186,community,53.8,55.2,58.1
user_00186,mood,56.5,58.1,56.8
user_00187,mood,46.1,22.7,31.8
user_00187,mood,40.1,31.8,31.4
user_00187,mood,47.7,31.4,33.6
user_00187,mood,33.8,33.6,39.6
user_00187,music,52.5,39.6,45.3
user_00187,mood,47.3,45.3,53.2
user_00187,mood,40.1,53.2,50.7
user_00187,journal,64.9,50.7,51.4
user_00187,journal,53.8,51.4,38.5
user_00188,mood,65.7,54.7,54.9
user_00188,journal,64.4,54.9,56.4
user_00188,community,67.2,56.4,55.3
user_00188,meditation,78.1,55.3,69.7
user_00188,community,89.5,69.7,60.5
user_00188,meditation,83.8,60.5,62.4
user_00188,journal,30.6,62.4,58.7
user_00188,community,59.9,58.7,55.0
user_00188,community,54.5,55.0,51.4
user_00188,mood,63.2,51.4,49.1
user_00188,mood,71.5,49.1,49.5
user_00189,mood,44.9,79.7,71.7
user_00189,meditation,59.8,71.7,76.7
user_00189,community,71.3,76.7,77.9
user_00189,journal,66.2,77.9,69.7
user_00189,mood,22.4,69.7,68.2
user_00189,mood,57.1,68.2,67.1
user_00189,mood,64.3,67.1,69.2
user_00189,meditation,100.0,69.2,85.6
user_00190,mood,42.9,75.4,71.5
user_00190,journal,75.5,71.5,73.2
user_00190,meditation,57.8,73.2,69.5
user_00190,meditation,93.6,69.5,74.5
user_00190,community,55.5,74.5,70.0
user_00190,community,28.9,70.0,71.5
user_00190,mood,58.4,71.5,72.6
user_00190,community,59.3,72.6,76.1
user_00190,mood,72.9,76.1,73.8
user_00190,journal,46.7,73.8,68.6
user_00190,community,62.8,68.6,69.2
user_00191,community,60.5,34.2,40.5
user_00191,mood,61.8,40.5,38.5
user_00191,mood,69.2,38.5,45.4
user_00191,mood,43.7,45.4,48.4
user_00191,meditation,64.2,48.4,55.4
user_00191,journal,54.5,55.4,54.6
user_00192,community,61.5,70.2,61.5
user_00192,music,62.8,61.5,58.8
user_00192,meditation,72.1,58.8,66.3
user_00192,meditation,68.8,66.3,65.1
user_00192,meditation,94.5,65.1,74.0
user_00192,meditation,78.3,74.0,72.7
user_00192,mood,45.9,72.7,67.5
user_00192,journal,54.9,67.5,70.6
user_00192,journal,56.3,70.6,75.6
user_00192,mood,68.7,75.6,68.5
user_00192,meditation,69.5,68.5,73.4
user_00193,community,50.6,70.7,61.5
user_00193,meditation,82.5,61.5,74.7
user_00193,mood,36.0,74.7,67.9
user_00193,community,60.5,67.9,70.8
user_00193,music,40.0,70.8,66.2
user_00193,mood,65.7,66.2,64.1
user_00193,journal,62.0,64.1,71.1
user_00193,music,71.3,71.1,79.3
user_00193,journal,55.3,79.3,70.2
user_00193,meditation,100.0,70.2,86.6
user_00193,journal,53.2,86.6,86.4
user_00194,journal,63.8,36.3,35.0
user_00194,community,67.0,35.0,40.2
user_00194,meditation,48.5,40.2,48.2
user_00194,journal,36.1,48.2,48.4
user_00195,mood,43.4,37.2,41.8
user_00195,mood,57.6,41.8,36.5
user_00195,mood,39.7,36.5,42.2
user_00195,mood,68.8,42.2,49.5
user_00195,mood,38.4,49.5,37.4
user_00195,meditation,67.0,37.4,41.2
user_00195,mood,67.8,41.2,35.6
user_00196,mood,68.9,31.1,38.3
user_00196,journal,67.2,38.3,38.3
user_00196,meditation,84.1,38.3,50.2
user_00196,journal,48.3,50.2,48.4
user_00197,meditation,78.3,74.3,83.7
user_00197,meditation,81.8,83.7,85.7
user_00197,community,56.5,85.7,87.0
user_00197,mood,38.9,87.0,80.1
user_00197,mood,61.5,80.1,72.4
user_00197,music,85.2,72.4,79.3
user_00197,mood,70.3,79.3,70.7
user_00197,meditation,80.2,70.7,73.1
user_00197,mood,51.2,73.1,79.8
user_00197,music,75.2,79.8,81.7
user_00197,mood,52.8,81.7,67.3
user_00198,community,45.0,45.1,45.9
user_00198,mood,60.9,45.9,45.1
user_00198,mood,67.9,45.1,49.2
user_00198,meditation,91.8,49.2,67.7
user_00199,meditation,91.2,73.1,80.4
user_00199,meditation,63.0,80.4,70.9
user_00199,community,79.7,70.9,71.9
user_00199,music,76.2,71.9,68.8
user_00199,meditation,55.1,68.8,57.7
user_00199,meditation,66.7,57.7,63.3
user_00199,meditation,69.9,63.3,63.8
user_00199,mood,52.3,63.8,65.3
user_00199,meditation,73.0,65.3,60.8
user_00199,mood,34.7,60.8,58.8
user_00199,meditation,79.3,58.8,62.9
user_00200,community,60.3,22.5,29.8
user_00200,meditation,75.3,29.8,47.9
user_00200,meditation,82.6,47.9,64.0
user_00200,meditation,63.8,64.0,65.9
user_00201,mood,63.5,65.4,63.1
user_00201,meditation,78.9,63.1,74.5
user_00201,mood,47.3,74.5,63.0
user_00201,mood,46.6,63.0,59.4
user_00201,community,58.5,59.4,63.7
user_00201,mood,50.0,63.7,65.9
user_00201,mood,66.1,65.9,61.1
user_00201,journal,55.2,61.1,58.7
user_00202,mood,59.9,46.1,55.3
user_00202,journal,53.0,55.3,57.1
user_00202,meditation,73.2,57.1,54.9
user_00202,mood,71.0,54.9,67.7
user_00202,music,60.4,67.7,75.3
user_00202,meditation,92.0,75.3,86.4
user_00202,community,65.5,86.4,82.8
user_00202,community,83.6,82.8,81.2
user_00203,mood,56.1,25.5,38.2
user_00203,community,55.1,38.2,36.1
user_00203,community,65.5,36.1,43.7
user_00203,music,55.0,43.7,43.5
user_00203,music,78.0,43.5,43.7
user_00203,meditation,86.8,43.7,52.0
user_00203,meditation,93.5,52.0,67.8
user_00203,community,60.6,67.8,67.9
user_00204,mood,52.7,60.9,61.8
user_00204,community,79.3,61.8,62.8
user_00204,meditation,60.5,62.8,49.7
user_00204,journal,39.6,49.7,48.0
user_00204,mood,57.2,48.0,46.8
user_00204,community,67.8,46.8,55.7
user_00204,music,93.8,55.7,68.1
user_00205,community,50.8,75.8,66.5
user_00205,journal,62.7,66.5,65.0
user_00205,journal,58.1,65.0,58.3
user_00205,journal,41.6,58.3,43.3
user_00205,community,50.6,43.3,35.5
user_00205,mood,68.5,35.5,42.2
user_00205,meditation,73.3,42.2,51.9
user_00205,journal,74.3,51.9,49.8
user_00205,community,52.7,49.8,52.4
user_00206,mood,61.9,27.6,31.2
user_00206,community,55.5,31.2,30.9
user_00206,meditation,78.6,30.9,51.6
user_00206,journal,70.8,51.6,56.6
user_00206,meditation,64.8,56.6,49.4
user_00206,meditation,67.0,49.4,53.5
user_00207,mood,63.3,78.8,78.7
user_00207,journal,70.6,78.7,80.5
user_00207,music,65.6,80.5,65.2
user_00208,meditation,84.7,26.8,49.8
user_00208,journal,57.1,49.8,47.8
user_00208,music,65.8,47.8,44.6
user_00208,mood,55.8,44.6,51.2
user_00208,mood,62.6,51.2,55.8
user_00208,mood,54.6,55.8,61.8
user_00208,mood,51.8,61.8,57.4
user_00209,journal,48.1,20.4,31.2
user_00209,journal,36.2,31.2,32.7
user_00209,mood,57.7,32.7,32.9
user_00209,mood,48.4,32.9,34.4
user_00209,mood,60.3,34.4,47.8
user_00209,journal,66.1,47.8,49.6
user_00209,journal,63.9,49.6,55.1
user_00209,community,71.8,55.1,54.5
user_00209,meditation,59.4,54.5,59.6
user_00209,meditation,56.4,59.6,59.8
user_00209,meditation,76.5,59.8,63.7
user_00210,meditation,81.3,32.4,54.6
user_00210,community,58.3,54.6,56.1
user_00210,meditation,69.5,56.1,60.3
user_00210,journal,62.6,60.3,67.7
user_00210,journal,74.7,67.7,63.6
user_00210,meditation,71.0,63.6,81.2
user_00210,meditation,72.8,81.2,80.1
user_00210,meditation,79.5,80.1,78.4
user_00210,mood,54.7,78.4,79.7
user_00210,meditation,67.4,79.7,69.1
user_00211,mood,39.7,35.9,34.5
user_00211,mood,51.6,34.5,35.8
user_00211,journal,61.7,35.8,30.2
user_00211,community,33.3,30.2,19.4
user_00211,community,48.3,19.4,20.3
user_00211,journal,51.6,20.3,27.4
user_00211,meditation,79.2,27.4,41.0
user_00212,meditation,96.0,52.2,61.2
user_00212,meditation,77.3,61.2,67.1
user_00212,meditation,100.0,67.1,78.0
user_00212,mood,72.6,78.0,78.5
user_00212,mood,67.0,78.5,75.7
user_00212,music,75.3,75.7,77.7
user_00213,mood,51.0,38.3,44.7
user_00213,mood,72.0,44.7,58.1
user_00213,mood,51.7,58.1,63.5
user_00213,mood,25.1,63.5,64.2
user_00213,journal,49.4,64.2,56.2
user_00214,meditation,66.9,58.8,65.6
user_00214,community,52.7,65.6,56.6
user_00214,journal,60.4,56.6,57.1
user_00214,journal,76.7,57.1,59.1
user_00214,mood,62.0,59.1,52.2
user_00214,community,72.9,52.2,63.7
user_00215,music,100.0,50.4,59.8
user_00215,community,64.8,59.8,52.4
user_00215,community,67.3,52.4,62.0
user_00215,music,71.5,62.0,68.5
user_00215,mood,34.7,68.5,58.0
user_00215,community,61.6,58.0,60.9
user_00215,meditation,66.5,60.9,61.0
user_00215,community,51.5,61.0,65.6
user_00216,mood,42.8,58.6,65.8
user_00216,community,66.1,65.8,63.4
user_00216,meditation,82.6,63.4,60.8
user_00216,journal,64.7,60.8,65.7
user_00216,mood,57.6,65.7,75.1
user_00216,mood,59.9,75.1,74.5
user_00216,music,66.9,74.5,78.1
user_00216,meditation,82.5,78.1,74.0
user_00216,meditation,79.5,74.0,74.9
user_00216,mood,44.9,74.9,60.7
user_00216,mood,45.3,60.7,50.6
user_00217,mood,71.0,65.0,63.7
user_00217,mood,41.4,63.7,57.0
user_00217,meditation,57.5,57.0,53.5
user_00217,mood,59.5,53.5,48.9
user_00217,journal,54.5,48.9,50.5
user_00217,mood,41.2,50.5,51.2
user_00217,journal,40.9,51.2,52.8
user_00217,meditation,56.7,52.8,52.0
user_00217,community,71.9,52.0,58.9
user_00218,meditation,85.4,69.5,69.1
user_00218,mood,44.3,69.1,60.1
user_00218,mood,45.8,60.1,58.6
user_00218,meditation,76.9,58.6,69.9
user_00219,journal,61.2,75.8,73.9
user_00219,music,79.8,73.9,85.1
user_00219,music,75.7,85.1,81.8
user_00219,mood,73.0,81.8,75.8
user_00219,community,79.8,75.8,74.0
user_00219,journal,35.9,74.0,69.6
user_00219,journal,68.3,69.6,71.0
user_00220,mood,49.8,76.9,69.0
user_00220,mood,45.2,69.0,59.4
user_00220,mood,68.4,59.4,57.6
user_00220,journal,57.6,57.6,55.7
user_00220,meditation,74.5,55.7,65.9
user_00220,meditation,46.4,65.9,53.3
user_00220,community,62.4,53.3,64.3
user_00220,mood,51.0,64.3,64.5
user_00220,meditation,100.0,64.5,84.9
user_00220,journal,55.8,84.9,84.3
user_00221,meditation,74.4,78.3,80.9
user_00221,mood,42.2,80.9,73.1
user_00221,mood,56.0,73.1,78.3
user_00221,mood,62.9,78.3,80.1
user_00221,mood,51.9,80.1,74.3
user_00222,journal,87.4,50.4,50.7
user_00222,mood,72.0,50.7,60.2
user_00222,meditation,72.9,60.2,63.3
user_00222,community,68.9,63.3,56.9
user_00222,journal,60.3,56.9,49.3
user_00222,meditation,67.7,49.3,47.2
user_00222,mood,40.7,47.2,51.3
user_00223,journal,32.2,59.4,56.8
user_00223,community,66.5,56.8,64.6
user_00223,community,81.6,64.6,67.1
user_00224,meditation,69.2,68.2,70.9
user_00224,meditation,71.7,70.9,82.8
user_00224,meditation,83.7,82.8,87.5
user_00224,meditation,85.0,87.5,81.8
user_00225,mood,56.3,43.5,32.1
user_00225,mood,44.1,32.1,33.9
user_00225,music,80.5,33.9,38.4
user_00225,mood,55.3,38.4,46.5
user_00226,mood,50.4,30.6,39.2
user_00226,mood,54.0,39.2,41.7
user_00226,journal,65.0,41.7,50.0
user_00226,community,72.1,50.0,61.1
user_00226,community,71.1,61.1,58.9
user_00226,journal,70.7,58.9,56.6
user_00226,journal,47.8,56.6,61.0
user_00226,mood,57.7,61.0,53.9
user_00226,mood,46.9,53.9,60.0
user_00226,journal,58.0,60.0,50.0
user_00226,meditation,69.1,50.0,45.9
user_00227,community,61.7,23.1,31.3
user_00227,mood,78.9,31.3,44.0
user_00227,meditation,86.2,44.0,65.2
user_00228,mood,47.9,26.2,36.2
user_00228,meditation,83.9,36.2,52.0
user_00228,meditation,85.8,52.0,75.5
user_00228,meditation,66.2,75.5,66.6
user_00228,community,27.8,66.6,54.3
user_00228,journal,62.7,54.3,56.3
user_00228,mood,52.3,56.3,55.1
user_00228,mood,53.3,55.1,54.6
user_00228,meditation,92.2,54.6,69.5
user_00228,community,81.6,69.5,70.0
user_00228,journal,52.3,70.0,64.9
user_00229,community,52.7,33.0,39.2
user_00229,journal,55.6,39.2,40.7
user_00229,journal,48.5,40.7,34.7
user_00229,mood,67.6,34.7,33.1
user_00230,mood,64.9,46.0,48.1
user_00230,mood,86.6,48.1,50.6
user_00230,meditation,73.9,50.6,53.6
user_00230,mood,58.7,53.6,58.0
user_00230,meditation,68.1,58.0,62.0
user_00230,journal,51.0,62.0,66.3
user_00230,community,76.3,66.3,60.7
user_00230,music,72.6,60.7,66.7
user_00230,music,74.1,66.7,65.7
user_00230,mood,39.9,65.7,59.0
user_00231,meditation,63.0,25.8,40.8
user_00231,journal,67.9,40.8,44.1
user_00231,meditation,74.1,44.1,55.4
user_00232,mood,47.7,71.1,65.4
user_00232,journal,71.9,65.4,59.0
user_00232,meditation,95.2,59.0,70.3
user_00232,journal,43.5,70.3,65.1
user_00232,meditation,65.3,65.1,69.8
user_00232,journal,57.5,69.8,61.1
user_00232,mood,51.4,61.1,64.7
user_00232,meditation,98.6,64.7,70.4
user_00232,journal,59.5,70.4,61.2
user_00233,mood,38.6,52.8,51.0
user_00233,mood,57.7,51.0,56.4
user_00233,meditation,89.1,56.4,63.9
user_00233,community,73.3,63.9,59.8
user_00233,meditation,96.6,59.8,79.2
user_00233,community,66.9,79.2,78.8
user_00233,journal,59.6,78.8,78.1
user_00233,music,100.0,78.1,88.3
user_00233,mood,38.2,88.3,89.0
user_00233,mood,53.6,89.0,84.8
user_00233,mood,66.5,84.8,88.5
user_00234,community,64.0,20.4,26.3
user_00234,community,64.3,26.3,24.9
user_00234,music,58.6,24.9,26.6
user_00234,mood,65.8,26.6,31.5
user_00234,meditation,65.4,31.5,39.2
user_00234,community,68.8,39.2,46.2
user_00234,mood,63.6,46.2,49.3
user_00234,meditation,79.6,49.3,59.7
user_00234,mood,61.1,59.7,65.5
user_00234,journal,76.0,65.5,68.8
user_00234,community,77.0,68.8,72.5
user_00235,mood,46.8,75.7,71.9
user_00235,meditation,97.9,71.9,85.0
user_00235,community,68.5,85.0,78.0
user_00236,music,60.4,46.0,44.2
user_00236,community,64.9,44.2,48.2
user_00236,community,59.6,48.2,52.8
user_00237,journal,65.7,20.0,29.5
user_00237,journal,52.0,29.5,29.1
user_00237,meditation,85.8,29.1,54.5
user_00237,meditation,77.9,54.5,66.4
user_00237,community,51.4,66.4,56.4
user_00237,journal,68.4,56.4,54.7
user_00237,meditation,70.2,54.7,52.6
user_00237,journal,52.1,52.6,57.9
user_00237,journal,69.4,57.9,63.3
user_00237,mood,32.7,63.3,56.4
user_00238,community,61.0,76.3,74.3
user_00238,mood,49.8,74.3,82.3
user_00238,meditation,83.5,82.3,69.6
user_00238,mood,32.1,69.6,72.8
user_00239,mood,40.3,79.7,67.4
user_00239,mood,47.5,67.4,66.5
user_00239,meditation,74.6,66.5,67.0
user_00239,community,56.5,67.0,63.4
user_00239,journal,89.0,63.4,61.5
user_00239,meditation,89.1,61.5,69.2
user_00239,community,84.7,69.2,73.5
user_00239,community,73.7,73.5,74.5
user_00240,community,60.7,55.4,60.4
user_00240,mood,55.1,60.4,67.8
user_00240,mood,48.7,67.8,58.0
user_00240,meditation,73.0,58.0,66.7
user_00241,journal,72.1,24.4,27.3
user_00241,journal,39.5,27.3,33.9
user_00241,community,66.3,33.9,43.9
user_00241,journal,55.5,43.9,40.9
user_00242,mood,31.4,68.5,67.0
user_00242,mood,49.3,67.0,64.3
user_00242,mood,59.2,64.3,61.7
user_00242,mood,45.7,61.7,52.8
user_00243,mood,61.1,42.8,40.8
user_00243,mood,41.9,40.8,50.8
user_00243,journal,62.7,50.8,50.5
user_00243,mood,64.6,50.5,55.6
user_00243,journal,50.5,55.6,49.5
user_00244,meditation,77.4,21.0,34.4
user_00244,mood,50.6,34.4,45.4
user_00244,music,58.7,45.4,51.5
user_00244,mood,65.4,51.5,54.1
user_00244,meditation,73.4,54.1,60.9
user_00244,community,59.3,60.9,58.2
user_00244,community,57.3,58.2,52.4
user_00244,journal,63.9,52.4,52.6
user_00245,meditation,64.7,43.5,45.8
user_00245,mood,54.4,45.8,44.7
user_00245,community,53.8,44.7,40.6
user_00246,music,53.7,67.5,67.3
user_00246,meditation,72.0,67.3,69.2
user_00246,meditation,63.8,69.2,75.9
user_00246,journal,78.6,75.9,65.7
user_00246,meditation,43.6,65.7,55.5
user_00246,mood,60.2,55.5,52.1
user_00246,mood,34.5,52.1,57.4
user_00246,journal,82.9,57.4,68.7
user_00246,journal,65.8,68.7,65.4
user_00246,meditation,78.3,65.4,78.7
user_00246,mood,48.7,78.7,67.2
user_00247,mood,59.4,20.0,26.0
user_00247,music,63.2,26.0,33.6
user_00247,meditation,62.4,33.6,40.6
user_00247,community,49.1,40.6,38.4
user_00247,community,71.6,38.4,40.3
user_00247,meditation,55.5,40.3,53.9
user_00247,community,67.4,53.9,55.9
user_00247,mood,63.4,55.9,45.1
user_00247,mood,54.7,45.1,50.2
user_00247,community,51.2,50.2,53.0
user_00247,journal,69.0,53.0,48.5
user_00248,mood,49.4,51.4,53.5
user_00248,mood,51.2,53.5,54.0
user_00248,meditation,70.1,54.0,56.4
user_00248,community,68.5,56.4,59.9
user_00248,mood,62.3,59.9,65.3
user_00248,community,49.4,65.3,60.7
user_00248,mood,64.7,60.7,58.6
user_00248,journal,56.3,58.6,60.2
user_00248,mood,39.8,60.2,60.5
user_00249,mood,50.8,67.4,60.3
user_00249,journal,69.2,60.3,57.0
user_00249,journal,57.2,57.0,55.9
user_00249,meditation,77.7,55.9,71.2
user_00249,music,66.2,71.2,71.3
user_00249,music,79.6,71.3,73.3
user_00250,meditation,78.6,45.0,56.7
user_00250,journal,50.3,56.7,57.4
user_00250,mood,54.8,57.4,52.3
user_00250,mood,47.6,52.3,39.8
user_00250,meditation,65.9,39.8,44.2
user_00250,journal,69.1,44.2,37.1
user_00250,meditation,89.4,37.1,63.3
user_00251,mood,57.1,31.8,34.5
user_00251,mood,54.3,34.5,41.0
user_00251,meditation,93.6,41.0,59.7
user_00251,journal,61.5,59.7,59.5
user_00251,journal,65.7,59.5,56.8
user_00251,mood,42.3,56.8,45.8
user_00251,mood,61.9,45.8,46.9
user_00251,journal,56.3,46.9,46.8
user_00251,journal,47.6,46.8,45.5
user_00251,music,74.3,45.5,48.9
user_00252,meditation,80.6,59.3,72.8
user_00252,mood,53.2,72.8,62.4
user_00252,mood,65.8,62.4,55.5
user_00252,mood,57.4,55.5,63.9
user_00252,community,62.5,63.9,72.3
user_00252,mood,46.6,72.3,64.9
user_00252,journal,43.0,64.9,63.8
user_00252,mood,62.9,63.8,65.6
user_00252,community,55.1,65.6,66.3
user_00253,meditation,74.8,27.1,43.6
user_00253,mood,47.3,43.6,48.2
user_00253,meditation,82.0,48.2,55.8
user_00253,mood,57.2,55.8,61.9
user_00253,mood,45.8,61.9,62.2
user_00253,mood,66.1,62.2,63.4
user_00253,community,94.7,63.4,69.6
user_00253,music,72.8,69.6,65.1
user_00253,music,62.4,65.1,81.1
user_00254,community,53.2,35.2,39.2
user_00254,journal,63.4,39.2,40.9
user_00254,mood,56.0,40.9,48.5
user_00254,mood,67.3,48.5,53.8
user_00254,mood,54.2,53.8,57.8
user_00255,meditation,71.3,60.0,59.8
user_00255,music,89.4,59.8,50.8
user_00255,journal,81.0,50.8,50.7
user_00255,meditation,68.7,50.7,50.8
user_00255,mood,44.9,50.8,47.4
user_00255,mood,50.7,47.4,52.9
user_00255,music,93.1,52.9,67.6
user_00255,meditation,68.9,67.6,73.1
user_00255,community,79.8,73.1,81.8
user_00256,community,75.7,41.6,44.4
user_00256,journal,59.7,44.4,43.9
user_00256,journal,69.6,43.9,47.6
user_00257,journal,55.8,34.6,23.5
user_00257,meditation,52.3,23.5,33.6
user_00257,mood,50.9,33.6,33.1
user_00257,journal,66.8,33.1,42.2
user_00257,mood,40.5,42.2,43.4
user_00257,mood,44.7,43.4,47.4
user_00257,mood,32.6,47.4,40.4
user_00257,journal,72.2,40.4,40.3
user_00257,community,86.4,40.3,44.1
user_00257,journal,58.1,44.1,40.9
user_00257,journal,70.2,40.9,47.3
user_00258,journal,50.2,52.7,43.7
user_00258,mood,65.4,43.7,41.7
user_00258,journal,78.0,41.7,37.2
user_00259,community,45.8,63.9,64.8
user_00259,journal,51.3,64.8,65.6
user_00259,mood,71.8,65.6,56.8
user_00259,music,75.4,56.8,64.6
user_00259,community,74.5,64.6,65.3
user_00259,community,77.2,65.3,59.8
user_00259,meditation,80.3,59.8,66.2
user_00259,community,75.2,66.2,68.7
user_00259,music,76.1,68.7,60.1
user_00259,mood,54.8,60.1,61.2
user_00260,mood,46.7,57.3,64.9
user_00260,community,70.6,64.9,62.8
user_00260,meditation,98.5,62.8,75.9
user_00260,mood,51.6,75.9,69.9
user_00260,meditation,63.2,69.9,64.0
user_00260,journal,64.5,64.0,65.3
user_00260,mood,50.2,65.3,64.1
user_00260,mood,50.3,64.1,59.4
user_00261,mood,70.4,62.3,61.3
user_00261,mood,53.0,61.3,58.2
user_00261,journal,80.4,58.2,53.3
user_00261,journal,44.6,53.3,49.9
user_00261,journal,71.1,49.9,44.8
user_00262,journal,32.7,62.5,63.4
user_00262,community,46.4,63.4,71.8
user_00262,mood,57.1,71.8,67.7
user_00263,music,51.5,68.3,67.4
user_00263,community,61.4,67.4,61.5
user_00263,mood,63.9,61.5,54.5
user_00263,community,71.5,54.5,55.9
user_00263,music,84.1,55.9,55.8
user_00263,mood,64.7,55.8,54.1
user_00264,community,85.5,23.2,41.5
user_00264,journal,49.0,41.5,45.8
user_00264,mood,54.0,45.8,41.8
user_00264,mood,77.6,41.8,43.3
user_00264,meditation,79.2,43.3,55.5
user_00264,mood,74.0,55.5,69.3
user_00264,music,73.7,69.3,75.0
user_00264,music,74.4,75.0,71.4
user_00265,mood,63.6,64.1,65.4
user_00265,community,48.4,65.4,62.6
user_00265,mood,44.3,62.6,60.8
user_00265,meditation,76.0,60.8,69.9
user_00265,meditation,82.5,69.9,70.2
user_00265,mood,58.3,70.2,63.4
user_00265,mood,46.2,63.4,62.2
user_00265,community,42.8,62.2,71.4
user_00266,journal,45.1,46.0,57.8
user_00266,journal,62.5,57.8,60.2
user_00266,mood,56.0,60.2,58.4
user_00266,mood,28.8,58.4,56.5
user_00266,journal,61.4,56.5,63.5
user_00267,meditation,81.5,56.6,56.4
user_00267,journal,67.1,56.4,52.7
user_00267,meditation,64.7,52.7,55.9
user_00267,music,64.3,55.9,59.3
user_00267,music,70.0,59.3,62.4
user_00267,meditation,82.6,62.4,76.7
user_00268,journal,52.3,43.5,42.9
user_00268,music,60.7,42.9,46.8
user_00268,meditation,63.7,46.8,51.9
user_00268,community,48.2,51.9,62.0
user_00268,meditation,80.7,62.0,76.8
user_00268,meditation,100.0,76.8,93.8
user_00268,meditation,75.6,93.8,87.8
user_00268,meditation,81.7,87.8,96.7
user_00268,community,58.1,96.7,78.8
user_00268,journal,68.1,78.8,76.7
user_00269,community,50.4,53.0,46.7
user_00269,journal,64.9,46.7,42.1
user_00269,journal,56.0,42.1,46.8
user_00270,journal,56.7,30.5,28.2
user_00270,mood,38.7,28.2,22.5
user_00270,mood,67.7,22.5,26.9
user_00270,journal,81.0,26.9,42.0
user_00270,meditation,62.7,42.0,59.5
user_00270,mood,64.8,59.5,59.3
user_00270,meditation,79.0,59.3,63.2
user_00270,music,72.8,63.2,59.9
user_00270,mood,54.6,59.9,53.1
user_00270,meditation,61.5,53.1,49.8
user_00271,mood,59.7,30.5,38.2
user_00271,journal,60.3,38.2,34.2
user_00271,mood,44.3,34.2,39.2
user_00271,music,77.6,39.2,39.7
user_00271,meditation,76.7,39.7,54.2
user_00272,meditation,81.4,47.1,54.6
user_00272,community,61.4,54.6,57.7
user_00272,community,74.8,57.7,54.9
user_00272,meditation,81.6,54.9,66.8
user_00272,community,76.3,66.8,72.0
user_00272,music,90.7,72.0,75.2
user_00272,meditation,56.7,75.2,77.4
user_00272,meditation,86.8,77.4,84.6
user_00272,journal,69.7,84.6,85.4
user_00272,meditation,83.4,85.4,92.0
user_00272,music,83.0,92.0,90.0
user_00273,meditation,76.3,75.3,74.7
user_00273,meditation,88.6,74.7,84.9
user_00273,meditation,70.0,84.9,76.4
user_00273,music,56.5,76.4,73.6
user_00273,community,73.7,73.6,74.6
user_00273,mood,53.4,74.6,66.1
user_00273,mood,56.2,66.1,66.5
user_00273,music,89.7,66.5,72.6
user_00273,music,73.8,72.6,68.1
user_00273,journal,45.0,68.1,62.8
user_00273,community,65.6,62.8,72.1
user_00274,journal,57.1,76.6,69.0
user_00274,mood,60.1,69.0,62.4
user_00274,community,73.5,62.4,63.3
user_00274,meditation,96.3,63.3,70.4
user_00274,music,81.0,70.4,77.9
user_00274,community,71.5,77.9,68.6
user_00275,meditation,47.7,38.1,43.9
user_00275,meditation,84.1,43.9,61.6
user_00275,journal,27.7,61.6,48.6
user_00275,mood,88.1,48.6,55.6
user_00276,community,74.7,49.3,45.4
user_00276,meditation,73.9,45.4,51.0
user_00276,journal,57.6,51.0,52.6
user_00276,music,66.3,52.6,62.8
user_00276,mood,47.2,62.8,50.4
user_00276,meditation,67.0,50.4,53.3
user_00276,community,53.6,53.3,57.2
user_00276,meditation,69.7,57.2,60.1
user_00276,mood,64.6,60.1,70.1
user_00276,mood,67.9,70.1,66.3
user_00277,meditation,70.9,48.6,57.8
user_00277,mood,78.4,57.8,60.6
user_00277,music,60.4,60.6,54.6
user_00277,community,85.6,54.6,60.3
user_00277,mood,54.0,60.3,56.5
user_00277,journal,28.7,56.5,50.4
user_00278,community,80.6,64.7,62.4
user_00278,meditation,79.2,62.4,75.2
user_00278,journal,67.2,75.2,73.7
user_00278,meditation,65.6,73.7,65.8
user_00278,journal,67.1,65.8,68.8
user_00278,community,73.1,68.8,61.8
user_00278,mood,57.7,61.8,54.6
user_00279,music,48.3,54.9,51.2
user_00279,meditation,90.9,51.2,65.6
user_00279,meditation,67.5,65.6,66.8
user_00280,meditation,92.6,68.6,60.8
user_00280,journal,72.8,60.8,59.0
user_00280,mood,54.2,59.0,51.9
user_00280,mood,61.2,51.9,54.5
user_00280,meditation,76.2,54.5,58.4
user_00280,community,69.9,58.4,68.6
user_00280,community,84.0,68.6,68.2
user_00280,mood,61.6,68.2,66.7
user_00281,mood,47.3,37.9,44.3
user_00281,meditation,59.2,44.3,52.3
user_00281,mood,40.5,52.3,45.3
user_00281,mood,44.9,45.3,50.3
user_00281,music,53.6,50.3,54.2
user_00281,mood,43.0,54.2,44.6
user_00281,mood,62.2,44.6,48.9
user_00281,music,57.9,48.9,49.0
user_00281,music,65.5,49.0,51.9
user_00282,meditation,63.4,35.2,53.7
user_00282,community,68.2,53.7,51.7
user_00282,meditation,73.9,51.7,65.0
user_00282,journal,66.2,65.0,68.7
user_00282,mood,55.5,68.7,59.0
user_00282,journal,86.2,59.0,64.2
user_00282,meditation,84.5,64.2,76.3
user_00282,meditation,57.7,76.3,74.8
user_00282,meditation,74.2,74.8,74.3
user_00283,meditation,66.2,61.7,68.4
user_00283,mood,29.6,68.4,58.5
user_00283,mood,66.3,58.5,55.8
user_00283,meditation,56.0,55.8,57.5
user_00283,mood,59.2,57.5,61.4
user_00284,community,53.8,56.8,57.6
user_00284,mood,52.6,57.6,61.1
user_00284,mood,49.1,61.1,60.6
user_00284,journal,49.4,60.6,56.1
user_00284,meditation,84.0,56.1,71.6
user_00285,mood,63.1,23.8,33.0
user_00285,mood,51.4,33.0,41.6
user_00285,meditation,83.2,41.6,55.3
user_00285,community,69.2,55.3,47.0
user_00285,music,87.0,47.0,59.0
user_00285,mood,50.5,59.0,53.4
user_00285,mood,22.0,53.4,49.0
user_00285,music,62.6,49.0,47.2
user_00285,music,58.3,47.2,50.2
user_00285,journal,56.0,50.2,55.2
user_00286,mood,33.2,55.3,47.2
user_00286,meditation,60.7,47.2,49.3
user_00286,mood,66.3,49.3,50.3
user_00286,mood,48.1,50.3,58.4
user_00286,journal,40.0,58.4,53.6
user_00286,meditation,65.8,53.6,54.6
user_00287,community,67.6,26.9,35.6
user_00287,mood,41.9,35.6,42.6
user_00287,meditation,74.7,42.6,54.9
user_00287,music,87.1,54.9,54.5
user_00287,meditation,67.4,54.5,63.2
user_00287,community,84.8,63.2,69.4
user_00287,mood,60.3,69.4,77.7
user_00287,mood,73.1,77.7,77.7
user_00287,journal,74.1,77.7,75.7
user_00288,meditation,67.6,36.0,48.1
user_00288,journal,56.0,48.1,45.9
user_00288,mood,54.6,45.9,44.5
user_00288,mood,80.0,44.5,42.7
user_00288,mood,63.3,42.7,41.8
user_00288,meditation,79.3,41.8,56.1
user_00288,journal,39.0,56.1,62.6
user_00288,journal,52.7,62.6,69.5
user_00288,community,79.9,69.5,66.9
user_00289,music,57.6,63.6,59.7
user_00289,mood,52.1,59.7,58.1
user_00289,journal,47.5,58.1,64.1
user_00289,journal,57.5,64.1,60.2
user_00290,journal,43.1,40.4,39.4
user_00290,journal,51.6,39.4,42.9
user_00290,mood,78.0,42.9,58.1
user_00290,community,70.7,58.1,61.1
user_00290,community,64.2,61.1,66.5
user_00290,meditation,88.1,66.5,74.6
user_00290,music,60.6,74.6,74.8
user_00290,community,70.4,74.8,77.5
user_00290,meditation,93.9,77.5,84.6
user_00290,meditation,84.6,84.6,83.2
user_00290,mood,35.8,83.2,91.3
user_00291,meditation,59.0,39.9,51.6
user_00291,meditation,49.7,51.6,54.1
user_00291,meditation,59.7,54.1,58.6
user_00291,meditation,90.5,58.6,70.4
user_00291,mood,62.3,70.4,74.1
user_00291,community,53.0,74.1,73.5
user_00291,meditation,73.0,73.5,80.1
user_00292,journal,45.2,61.6,55.1
user_00292,journal,64.1,55.1,56.8
user_00292,mood,72.3,56.8,67.0
user_00293,mood,45.1,61.4,58.1
user_00293,community,58.9,58.1,67.3
user_00293,mood,82.0,67.3,72.8
user_00293,journal,42.0,72.8,68.2
user_00293,mood,48.6,68.2,68.0
user_00293,journal,70.7,68.0,68.1
user_00294,meditation,72.5,43.2,47.2
user_00294,community,58.7,47.2,50.4
user_00294,music,67.1,50.4,47.9
user_00294,meditation,82.2,47.9,63.4
user_00294,meditation,48.8,63.4,61.9
user_00294,mood,65.6,61.9,63.0
user_00294,mood,59.6,63.0,62.4
user_00294,journal,66.0,62.4,61.8
user_00295,mood,70.7,45.8,56.9
user_00295,mood,49.6,56.9,51.7
user_00295,journal,68.9,51.7,53.5
user_00295,community,57.3,53.5,52.4
user_00295,meditation,72.6,52.4,66.8
user_00295,journal,57.1,66.8,70.5
user_00296,community,47.6,25.3,24.5
user_00296,meditation,84.6,24.5,44.8
user_00296,music,58.4,44.8,43.8
user_00296,mood,60.1,43.8,46.9
user_00296,mood,61.0,46.9,47.4
user_00296,journal,69.2,47.4,45.7
user_00296,mood,61.1,45.7,48.2
user_00296,community,62.4,48.2,55.3
user_00296,meditation,86.9,55.3,68.7
user_00297,journal,67.4,70.4,68.6
user_00297,journal,56.0,68.6,66.2
user_00297,community,61.3,66.2,61.1
user_00297,journal,69.6,61.1,59.3
user_00297,community,63.5,59.3,64.4
user_00297,journal,71.6,64.4,53.0
user_00297,meditation,55.7,53.0,54.0
user_00297,meditation,57.3,54.0,54.8
user_00297,community,60.6,54.8,52.2
user_00298,journal,56.9,39.4,43.1
user_00298,journal,64.6,43.1,38.1
user_00298,mood,74.6,38.1,44.9
user_00298,community,64.8,44.9,44.7
user_00298,meditation,73.3,44.7,51.3
user_00298,music,74.5,51.3,67.6
user_00299,mood,56.2,38.1,43.4
user_00299,music,57.0,43.4,57.8
user_00299,community,68.8,57.8,59.4
user_00299,meditation,81.4,59.4,70.9
user_00300,community,49.8,61.7,61.3
user_00300,journal,53.5,61.3,54.6
user_00300,music,84.8,54.6,49.1
user_00301,meditation,65.3,23.8,23.7
user_00301,mood,53.9,23.7,29.9
user_00301,meditation,91.6,29.9,51.7
user_00302,journal,58.1,33.3,29.2
user_00302,meditation,100.0,29.2,55.9
user_00302,mood,28.4,55.9,48.8
user_00302,meditation,77.3,48.8,58.2
user_00302,community,74.0,58.2,65.9
user_00302,meditation,70.1,65.9,64.6
user_00302,community,59.6,64.6,64.0
user_00302,music,80.6,64.0,69.2
user_00302,journal,62.9,69.2,65.0
user_00303,community,63.1,45.5,48.0
user_00303,journal,89.6,48.0,46.4
user_00303,community,60.8,46.4,47.0
user_00303,meditation,62.9,47.0,48.4
user_00303,music,73.6,48.4,52.0
user_00303,journal,64.2,52.0,46.8
user_00303,music,88.8,46.8,55.6
user_00303,meditation,72.2,55.6,62.0
user_00303,journal,70.9,62.0,60.5
user_00304,community,70.9,20.7,25.4
user_00304,music,61.1,25.4,42.8
user_00304,meditation,77.7,42.8,58.1
user_00304,community,59.9,58.1,67.7
user_00304,journal,72.4,67.7,65.7
user_00304,community,74.3,65.7,68.8
user_00305,community,64.3,26.9,30.0
user_00305,mood,70.0,30.0,43.8
user_00305,mood,37.3,43.8,47.5
user_00305,community,53.1,47.5,41.9
user_00305,journal,35.1,41.9,33.1
user_00306,music,60.5,50.1,43.6
user_00306,mood,62.5,43.6,50.1
user_00306,mood,74.2,50.1,49.9
user_00307,mood,41.3,22.6,21.5
user_00307,mood,49.5,21.5,19.1
user_00307,meditation,67.6,19.1,36.6
user_00307,meditation,73.4,36.6,43.5
user_00307,mood,40.4,43.5,47.9
user_00307,mood,38.6,47.9,38.1
user_00307,music,61.1,38.1,42.9
user_00307,mood,49.3,42.9,52.6
user_00308,meditation,69.1,79.0,74.0
user_00308,journal,52.7,74.0,64.8
user_00308,mood,53.5,64.8,62.2
user_00308,mood,54.9,62.2,62.0
user_00308,community,59.8,62.0,61.4
user_00308,meditation,95.5,61.4,76.7
user_00308,journal,47.8,76.7,76.4
user_00308,meditation,94.6,76.4,73.2
user_00308,music,75.4,73.2,70.3
user_00309,meditation,95.9,45.2,61.8
user_00309,journal,56.2,61.8,54.2
user_00309,meditation,53.7,54.2,55.0
user_00309,meditation,68.6,55.0,65.1
user_00309,journal,79.6,65.1,69.8
user_00309,music,60.1,69.8,71.0
user_00309,community,49.7,71.0,70.3
user_00310,mood,60.3,57.8,57.2
user_00310,journal,52.4,57.2,56.1
user_00310,mood,55.3,56.1,55.3
user_00310,community,59.3,55.3,54.8
user_00310,journal,57.1,54.8,58.0
user_00310,community,93.1,58.0,68.9
user_00310,meditation,67.3,68.9,68.2
user_00310,mood,61.0,68.2,67.7
user_00310,mood,65.9,67.7,61.4
user_00310,music,70.7,61.4,78.4
user_00310,community,68.9,78.4,76.9
user_00311,journal,55.0,41.9,54.6
user_00311,journal,70.3,54.6,57.6
user_00311,mood,64.7,57.6,59.8
user_00311,mood,55.7,59.8,57.3
user_00312,mood,69.2,52.6,50.4
user_00312,mood,47.3,50.4,48.0
user_00312,mood,65.9,48.0,55.3
user_00312,mood,50.8,55.3,47.1
user_00312,mood,54.8,47.1,53.1
user_00312,journal,60.9,53.1,62.9
user_00313,community,81.4,37.7,53.7
user_00313,meditation,63.5,53.7,56.1
user_00313,music,52.7,56.1,54.7
user_00313,community,67.7,54.7,60.2
user_00313,meditation,48.1,60.2,65.3
user_00313,meditation,100.0,65.3,77.7
user_00313,community,78.2,77.7,83.9
user_00314,mood,60.6,58.7,57.2
user_00314,mood,58.3,57.2,52.7
user_00314,mood,49.1,52.7,51.7
user_00314,mood,58.6,51.7,43.1
user_00314,journal,68.0,43.1,58.9
user_00314,community,35.4,58.9,51.0
user_00314,meditation,82.5,51.0,55.2
user_00314,meditation,88.6,55.2,62.8
user_00314,meditation,57.8,62.8,66.1
user_00314,meditation,70.0,66.1,67.1
user_00315,journal,68.6,23.5,38.7
user_00315,music,80.3,38.7,47.8
user_00315,journal,70.2,47.8,47.9
user_00315,journal,54.5,47.9,43.0
user_00315,mood,47.6,43.0,36.5
user_00315,journal,69.9,36.5,40.4
user_00315,music,83.3,40.4,47.4
user_00315,journal,58.8,47.4,53.1
user_00315,meditation,61.8,53.1,51.9
user_00315,community,38.7,51.9,56.5
user_00315,journal,47.5,56.5,51.9
user_00316,community,71.7,31.6,37.1
user_00316,meditation,73.9,37.1,46.9
user_00316,meditation,82.7,46.9,50.1
user_00316,mood,59.6,50.1,53.6
user_00316,mood,45.5,53.6,47.7
user_00316,community,62.1,47.7,52.2
user_00316,mood,46.4,52.2,53.0
user_00316,music,97.0,53.0,54.2
user_00316,meditation,94.2,54.2,63.2
user_00316,meditation,66.3,63.2,62.7
user_00316,mood,45.4,62.7,52.7
user_00317,music,77.9,29.3,44.6
user_00317,community,58.1,44.6,52.6
user_00317,journal,57.0,52.6,48.5
user_00317,community,64.4,48.5,49.4
user_00317,meditation,64.3,49.4,55.4
user_00317,community,81.7,55.4,58.4
user_00317,meditation,77.1,58.4,71.7
user_00318,community,41.5,21.0,29.3
user_00318,meditation,61.7,29.3,34.8
user_00318,meditation,77.7,34.8,54.6
user_00318,journal,56.2,54.6,53.3
user_00318,community,70.3,53.3,56.2
user_00318,mood,73.3,56.2,57.5
user_00318,meditation,90.7,57.5,79.2
user_00318,meditation,71.1,79.2,79.6
user_00318,music,68.4,79.6,85.1
user_00318,music,84.6,85.1,82.3
user_00319,journal,65.7,63.4,60.3
user_00319,community,71.1,60.3,66.5
user_00319,mood,70.3,66.5,67.7
user_00319,meditation,78.8,67.7,69.2
user_00319,community,47.2,69.2,64.9
user_00319,community,73.5,64.9,56.2
user_00319,music,63.2,56.2,54.7
user_00319,mood,56.5,54.7,53.7
user_00320,music,80.9,57.3,69.0
user_00320,mood,56.3,69.0,66.2
user_00320,meditation,92.4,66.2,71.8
user_00320,journal,78.9,71.8,74.6
user_00320,community,60.6,74.6,69.8
user_00320,meditation,100.0,69.8,89.1
user_00320,meditation,77.9,89.1,81.6
user_00320,journal,62.2,81.6,87.3
user_00320,mood,64.8,87.3,81.0
user_00320,journal,50.4,81.0,71.4
user_00321,journal,79.6,48.8,50.5
user_00321,community,71.7,50.5,54.2
user_00321,mood,39.0,54.2,53.4
user_00321,meditation,69.9,53.4,56.5
user_00321,community,76.6,56.5,63.8
user_00321,meditation,70.0,63.8,61.1
user_00321,community,46.4,61.1,66.0
user_00321,meditation,79.4,66.0,64.3
user_00322,mood,60.0,73.4,71.1
user_00322,mood,56.9,71.1,64.2
user_00322,journal,51.6,64.2,60.5
user_00322,mood,34.1,60.5,46.3
user_00322,journal,45.6,46.3,32.7
user_00322,mood,47.2,32.7,37.4
user_00322,meditation,76.2,37.4,46.9
user_00322,music,74.7,46.9,49.4
user_00323,mood,61.8,78.7,73.7
user_00323,community,73.8,73.7,75.8
user_00323,meditation,76.7,75.8,70.2
user_00323,music,80.1,70.2,65.8
user_00323,mood,67.8,65.8,73.1
user_00323,mood,50.1,73.1,64.4
user_00323,music,64.2,64.4,70.1
user_00323,music,75.6,70.1,73.8
user_00323,mood,50.5,73.8,66.8
user_00324,community,84.3,25.9,37.7
user_00324,mood,51.8,37.7,42.8
user_00324,meditation,75.2,42.8,56.1
user_00324,meditation,85.1,56.1,60.6
user_00324,journal,42.8,60.6,56.9
user_00324,journal,68.2,56.9,60.7
user_00324,journal,64.6,60.7,63.9
user_00324,meditation,69.3,63.9,61.8
user_00324,community,77.5,61.8,68.1
user_00325,meditation,78.8,51.8,63.4
user_00325,community,84.6,63.4,63.8
user_00325,mood,75.0,63.8,61.8
user_00325,journal,67.3,61.8,69.7
user_00325,mood,71.1,69.7,67.8
user_00325,meditation,40.7,67.8,55.5
user_00325,mood,53.4,55.5,58.0
user_00325,journal,80.4,58.0,69.9
user_00325,meditation,83.7,69.9,81.2
user_00326,meditation,70.9,68.2,68.3
user_00326,mood,57.4,68.3,70.0
user_00326,mood,76.6,70.0,71.8
user_00327,journal,66.9,71.3,73.0
user_00327,meditation,77.3,73.0,77.9
user_00327,meditation,66.7,77.9,78.4
user_00327,mood,70.0,78.4,73.6
user_00327,community,67.0,73.6,73.7
user_00327,journal,45.7,73.7,66.9
user_00328,community,67.9,71.8,64.7
user_00328,mood,50.3,64.7,58.9
user_00328,meditation,72.0,58.9,65.3
user_00328,community,49.7,65.3,65.5
user_00328,journal,55.4,65.5,62.1
user_00328,music,70.1,62.1,63.1
user_00328,community,88.9,63.1,73.0
user_00328,music,80.2,73.0,69.4
user_00328,mood,70.6,69.4,65.5
user_00328,meditation,75.8,65.5,63.8
user_00329,journal,65.2,65.3,66.2
user_00329,meditation,58.1,66.2,62.1
user_00329,community,82.3,62.1,68.3
user_00329,meditation,50.3,68.3,66.8
user_00329,meditation,88.5,66.8,68.1
user_00329,meditation,87.5,68.1,79.4
user_00330,meditation,70.0,39.8,53.6
user_00330,mood,71.2,53.6,56.2
user_00330,mood,65.4,56.2,53.0
user_00330,meditation,70.3,53.0,50.9
user_00330,mood,40.9,50.9,41.7
user_00330,journal,71.4,41.7,48.9
user_00330,meditation,72.6,48.9,56.9
user_00330,journal,57.2,56.9,63.5
user_00330,mood,41.6,63.5,63.3
user_00331,journal,64.9,75.3,75.6
user_00331,community,66.5,75.6,81.7
user_00331,meditation,71.0,81.7,77.2
user_00331,mood,45.7,77.2,74.4
user_00331,journal,60.6,74.4,69.5
user_00331,journal,69.7,69.5,67.6
user_00332,meditation,60.8,78.7,60.2
user_00332,community,82.4,60.2,57.1
user_00332,journal,85.4,57.1,52.3
user_00332,mood,50.3,52.3,47.0
user_00333,mood,59.4,74.9,72.8
user_00333,mood,51.8,72.8,69.5
user_00333,mood,59.4,69.5,72.8
user_00333,meditation,73.7,72.8,77.2
user_00333,community,73.6,77.2,87.3
user_00333,meditation,66.2,87.3,73.1
user_00333,meditation,90.0,73.1,81.9
user_00333,music,77.3,81.9,79.1
user_00333,mood,48.4,79.1,67.8
user_00333,mood,52.9,67.8,65.0
user_00334,mood,40.5,20.4,25.3
user_00334,meditation,75.4,25.3,44.1
user_00334,mood,65.7,44.1,44.9
user_00334,mood,44.5,44.9,40.5
user_00334,mood,67.9,40.5,43.0
user_00334,journal,59.7,43.0,49.0
user_00334,journal,44.3,49.0,53.3
user_00334,music,68.8,53.3,57.9
user_00334,meditation,64.0,57.9,55.6
user_00334,journal,55.8,55.6,50.9
user_00335,mood,68.5,41.7,44.9
user_00335,mood,46.3,44.9,49.1
user_00335,journal,58.4,49.1,55.5
user_00335,mood,32.1,55.5,44.7
user_00335,community,53.0,44.7,51.1
user_00335,meditation,63.8,51.1,53.6
user_00335,meditation,65.6,53.6,64.6
user_00335,meditation,64.9,64.6,62.0
user_00335,journal,34.3,62.0,57.3
user_00335,meditation,86.6,57.3,63.7
user_00336,mood,61.4,79.5,71.8
user_00336,music,75.1,71.8,70.6
user_00336,mood,30.4,70.6,65.3
user_00336,mood,49.4,65.3,54.5
user_00336,journal,73.8,54.5,50.3
user_00337,meditation,59.7,57.1,58.8
user_00337,journal,45.5,58.8,60.6
user_00337,mood,79.1,60.6,67.1
user_00337,music,88.9,67.1,65.8
user_00337,music,94.6,65.8,64.2
user_00338,community,65.0,79.5,80.9
user_00338,music,93.1,80.9,78.3
user_00338,meditation,74.5,78.3,72.7
user_00338,meditation,80.9,72.7,71.0
user_00338,mood,60.1,71.0,63.7
user_00338,mood,37.8,63.7,61.0
user_00338,mood,52.2,61.0,56.2
user_00339,journal,33.0,38.3,32.6
user_00339,journal,50.3,32.6,39.0
user_00339,journal,46.2,39.0,39.2
user_00339,journal,71.4,39.2,42.5
user_00339,journal,52.9,42.5,47.3
user_00339,music,81.3,47.3,61.2
user_00339,music,71.5,61.2,64.3
user_00339,community,72.9,64.3,66.2
user_00340,community,52.8,60.3,49.0
user_00340,community,43.1,49.0,46.0
user_00340,journal,80.5,46.0,48.5
user_00340,community,63.5,48.5,51.3
user_00340,mood,50.1,51.3,54.1
user_00340,journal,47.3,54.1,40.8
user_00341,music,58.3,68.3,64.3
user_00341,meditation,85.0,64.3,76.3
user_00341,journal,61.7,76.3,76.6
user_00341,journal,72.3,76.6,69.7
user_00341,music,72.6,69.7,65.0
user_00341,community,45.2,65.0,58.1
user_00341,mood,47.4,58.1,62.1
user_00342,music,70.8,58.9,61.9
user_00342,journal,46.3,61.9,69.5
user_00342,meditation,73.5,69.5,77.4
user_00342,community,74.4,77.4,75.8
user_00342,meditation,65.0,75.8,68.7
user_00342,mood,42.6,68.7,70.6
user_00342,meditation,53.6,70.6,60.5
user_00342,meditation,75.9,60.5,59.3
user_00343,mood,38.5,71.3,60.1
user_00343,meditation,75.8,60.1,61.8
user_00343,meditation,73.9,61.8,73.6
user_00344,mood,57.5,60.2,62.4
user_00344,mood,47.4,62.4,56.1
user_00344,meditation,72.6,56.1,64.0
user_00344,music,96.8,64.0,61.5
user_00344,mood,66.9,61.5,66.8
user_00344,mood,54.6,66.8,68.8
user_00344,mood,61.9,68.8,67.3
user_00344,mood,58.0,67.3,71.2
user_00344,mood,66.1,71.2,71.6
user_00344,meditation,54.5,71.6,59.4
user_00344,mood,48.5,59.4,60.0
user_00345,journal,64.6,48.7,54.1
user_00345,community,60.8,54.1,51.5
user_00345,mood,67.7,51.5,51.0
user_00345,journal,66.8,51.0,46.7
user_00345,journal,95.9,46.7,53.2
user_00345,mood,61.8,53.2,55.8
user_00346,mood,35.0,43.9,36.3
user_00346,meditation,75.0,36.3,45.0
user_00346,mood,58.2,45.0,37.1
user_00346,community,47.4,37.1,42.1
user_00347,community,87.6,66.3,69.6
user_00347,journal,44.0,69.6,62.0
user_00347,music,65.4,62.0,69.8
user_00347,mood,53.2,69.8,71.1
user_00347,mood,76.3,71.1,75.4
user_00348,mood,50.8,33.2,40.5
user_00348,journal,64.9,40.5,44.5
user_00348,journal,61.6,44.5,46.4
user_00348,mood,50.1,46.4,39.9
user_00348,music,72.9,39.9,41.3
user_00349,mood,48.3,21.7,20.0
user_00349,journal,66.6,20.0,31.9
user_00349,mood,44.0,31.9,35.0
user_00349,community,58.0,35.0,36.9
user_00349,journal,60.6,36.9,46.3
user_00349,community,69.1,46.3,47.4
user_00349,meditation,73.6,47.4,58.1
user_00349,journal,77.6,58.1,63.6
user_00349,music,73.2,63.6,72.4
user_00350,community,70.5,40.0,43.0
user_00350,meditation,69.5,43.0,48.8
user_00350,mood,66.9,48.8,51.7
user_00350,journal,69.9,51.7,51.1
user_00350,mood,55.1,51.1,47.8
user_00350,community,76.5,47.8,49.9
user_00351,meditation,59.4,43.0,43.4
user_00351,journal,70.6,43.4,47.2
user_00351,meditation,64.1,47.2,48.2
user_00351,journal,40.6,48.2,47.5
user_00352,community,58.1,47.4,50.1
user_00352,community,62.4,50.1,53.7
user_00352,community,59.8,53.7,55.2
user_00352,meditation,58.4,55.2,45.9
user_00353,meditation,74.2,61.5,71.8
user_00353,meditation,68.5,71.8,57.0
user_00353,community,49.8,57.0,57.5
user_00353,meditation,71.6,57.5,59.8
user_00353,music,60.6,59.8,50.0
user_00354,mood,69.2,35.7,42.3
user_00354,mood,60.0,42.3,47.0
user_00354,music,60.4,47.0,48.2
user_00354,community,67.4,48.2,48.5
user_00354,journal,66.2,48.5,51.7
user_00354,community,60.3,51.7,39.6
user_00354,mood,59.1,39.6,34.0
user_00355,music,70.2,68.9,67.3
user_00355,journal,51.7,67.3,69.8
user_00355,meditation,67.4,69.8,74.8
user_00355,journal,42.7,74.8,70.0
user_00355,meditation,68.4,70.0,76.1
user_00355,journal,57.2,76.1,72.7
user_00355,community,76.4,72.7,80.0
user_00355,meditation,72.3,80.0,77.4
user_00355,meditation,77.5,77.4,80.7
user_00355,journal,40.2,80.7,85.5
user_00355,music,44.7,85.5,71.9
user_00356,mood,38.4,38.0,37.1
user_00356,meditation,79.6,37.1,51.2
user_00356,mood,66.4,51.2,53.9
user_00356,meditation,36.2,53.9,44.2
user_00356,music,84.2,44.2,49.3
user_00356,community,67.9,49.3,56.4
user_00356,mood,53.5,56.4,59.6
user_00357,meditation,60.6,30.8,42.1
user_00357,mood,53.9,42.1,48.2
user_00357,mood,66.9,48.2,50.3
user_00357,meditation,77.9,50.3,55.5
user_00357,community,72.6,55.5,51.8
user_00357,mood,57.2,51.8,57.8
user_00357,mood,37.2,57.8,55.8
user_00358,community,62.2,44.3,51.2
user_00358,meditation,64.6,51.2,59.8
user_00358,meditation,64.5,59.8,61.2
user_00358,journal,68.0,61.2,74.1
user_00358,journal,49.8,74.1,71.2
user_00358,journal,68.1,71.2,73.7
user_00358,mood,72.8,73.7,73.8
user_00358,journal,75.3,73.8,72.5
user_00358,journal,56.0,72.5,70.7
user_00358,community,38.3,70.7,59.9
user_00358,mood,67.3,59.9,65.5
user_00359,meditation,86.1,76.0,71.4
user_00359,mood,55.6,71.4,67.4
user_00359,mood,72.8,67.4,68.1
user_00359,meditation,63.6,68.1,69.7
user_00359,mood,31.3,69.7,60.7
user_00359,meditation,82.1,60.7,72.4
user_00359,meditation,65.0,72.4,63.5
user_00359,mood,60.5,63.5,67.9
user_00359,mood,52.2,67.9,72.8
user_00360,mood,42.0,62.3,56.2
user_00360,meditation,90.0,56.2,63.1
user_00360,journal,59.9,63.1,55.0
user_00360,journal,46.4,55.0,63.2
user_00360,community,79.1,63.2,72.7
user_00360,meditation,70.6,72.7,72.7
user_00361,meditation,52.9,35.9,44.2
user_00361,meditation,64.2,44.2,53.2
user_00361,mood,56.0,53.2,53.1
user_00361,meditation,70.8,53.1,54.1
user_00361,mood,46.5,54.1,50.6
user_00361,meditation,73.2,50.6,49.1
user_00361,mood,59.3,49.1,52.3
user_00362,music,73.9,25.5,24.8
user_00362,community,74.9,24.8,29.1
user_00362,journal,82.0,29.1,30.0
user_00362,journal,62.1,30.0,28.7
user_00362,community,50.3,28.7,36.8
user_00363,journal,42.9,59.0,59.3
user_00363,community,52.8,59.3,62.6
user_00363,mood,57.4,62.6,62.2
user_00363,mood,43.2,62.2,56.3
user_00363,mood,58.1,56.3,53.5
user_00363,meditation,76.6,53.5,61.0
user_00363,meditation,70.3,61.0,53.8
user_00363,meditation,90.4,53.8,68.4
user_00364,mood,62.2,25.3,33.3
user_00364,mood,57.8,33.3,39.1
user_00364,meditation,60.5,39.1,50.4
user_00364,journal,78.6,50.4,54.1
user_00364,meditation,80.5,54.1,58.5
user_00364,journal,49.9,58.5,48.6
user_00364,mood,75.6,48.6,48.0
user_00364,journal,86.3,48.0,57.0
user_00364,journal,51.6,57.0,65.8
user_00364,journal,57.3,65.8,60.8
user_00365,community,69.1,46.8,54.1
user_00365,mood,16.5,54.1,48.4
user_00365,mood,58.7,48.4,50.6
user_00365,meditation,68.8,50.6,57.4
user_00365,mood,32.4,57.4,50.1
user_00365,mood,53.4,50.1,50.0
user_00365,meditation,72.9,50.0,51.7
user_00365,mood,77.4,51.7,61.4
user_00366,mood,71.9,78.6,81.5
user_00366,meditation,46.8,81.5,75.8
user_00366,meditation,56.6,75.8,75.7
user_00366,community,65.4,75.7,76.2
user_00366,music,70.1,76.2,79.2
user_00366,mood,73.0,79.2,68.2
user_00366,mood,50.2,68.2,73.4
user_00366,mood,59.9,73.4,75.7
user_00366,community,67.6,75.7,66.7
user_00366,community,74.2,66.7,70.7
user_00367,journal,54.4,60.9,62.8
user_00367,mood,52.1,62.8,65.0
user_00367,meditation,65.9,65.0,62.3
user_00367,mood,56.1,62.3,67.1
user_00367,mood,52.3,67.1,60.8
user_00368,mood,71.9,34.3,36.3
user_00368,journal,56.0,36.3,41.4
user_00368,mood,49.3,41.4,45.4
user_00368,meditation,60.7,45.4,45.0
user_00368,journal,65.7,45.0,43.9
user_00369,meditation,88.8,25.6,45.7
user_00369,meditation,66.7,45.7,52.9
user_00369,music,56.2,52.9,50.5
user_00369,meditation,76.7,50.5,64.6
user_00369,meditation,63.9,64.6,71.1
user_00369,mood,57.3,71.1,73.7
user_00370,journal,45.9,35.9,37.3
user_00370,mood,45.5,37.3,41.1
user_00370,mood,72.9,41.1,45.7
user_00370,meditation,61.8,45.7,52.7
user_00370,mood,58.0,52.7,56.2
user_00370,community,43.9,56.2,56.8
user_00370,meditation,73.9,56.8,62.7
user_00370,journal,63.8,62.7,54.7
user_00370,music,78.3,54.7,61.6
user_00370,meditation,81.7,61.6,67.9
user_00371,meditation,92.1,79.7,84.8
user_00371,mood,73.0,84.8,84.3
user_00371,music,61.7,84.3,84.1
user_00371,community,58.1,84.1,89.1
user_00371,journal,56.7,89.1,86.4
user_00372,mood,54.5,74.8,74.8
user_00372,mood,46.7,74.8,69.8
user_00372,mood,52.2,69.8,68.6
user_00373,journal,51.6,72.3,75.5
user_00373,meditation,85.8,75.5,81.2
user_00373,community,54.2,81.2,72.7
user_00373,meditation,73.8,72.7,75.6
user_00373,mood,41.3,75.6,75.7
user_00373,community,68.1,75.7,70.1
user_00373,music,73.4,70.1,75.3
user_00373,mood,53.4,75.3,70.8
user_00373,mood,66.3,70.8,73.7
user_00373,meditation,72.8,73.7,82.6
user_00374,mood,62.4,54.3,60.3
user_00374,mood,55.1,60.3,65.2
user_00374,community,67.3,65.2,64.7
user_00374,community,87.6,64.7,68.6
user_00374,meditation,65.2,68.6,70.4
user_00374,meditation,94.1,70.4,78.1
user_00374,mood,59.4,78.1,74.0
user_00374,journal,45.2,74.0,69.7
user_00374,mood,81.0,69.7,75.3
user_00374,journal,63.3,75.3,69.2
user_00374,mood,45.3,69.2,54.2
user_00375,community,72.8,59.6,58.6
user_00375,meditation,78.0,58.6,66.5
user_00375,journal,60.1,66.5,69.9
user_00375,mood,55.6,69.9,60.6
user_00375,community,73.1,60.6,61.4
user_00375,mood,56.1,61.4,64.3
user_00375,meditation,76.9,64.3,64.5
user_00375,journal,50.1,64.5,68.1
user_00375,meditation,75.6,68.1,76.0
user_00375,meditation,79.3,76.0,77.4
user_00376,mood,60.7,54.6,59.2
user_00376,mood,58.5,59.2,62.9
user_00376,mood,61.1,62.9,57.6
user_00376,meditation,89.7,57.6,70.3
user_00376,music,65.1,70.3,65.5
user_00376,meditation,63.8,65.5,65.5
user_00376,music,70.1,65.5,63.1
user_00376,music,74.5,63.1,77.6
user_00376,meditation,83.7,77.6,87.6
user_00376,community,76.3,87.6,89.9
user_00376,journal,44.5,89.9,84.9
user_00377,mood,61.5,61.6,57.6
user_00377,mood,77.2,57.6,54.6
user_00377,mood,56.5,54.6,53.5
user_00377,mood,74.1,53.5,46.8
user_00377,journal,46.9,46.8,38.2
user_00377,meditation,62.5,38.2,48.6
user_00377,journal,80.1,48.6,48.3
user_00377,journal,83.3,48.3,51.8
user_00377,meditation,72.9,51.8,55.3
user_00377,journal,63.4,55.3,60.5
user_00378,meditation,100.0,40.6,68.7
user_00378,community,69.9,68.7,64.1
user_00378,journal,55.5,64.1,60.3
user_00378,community,55.1,60.3,65.1
user_00378,mood,50.2,65.1,58.4
user_00378,mood,56.4,58.4,62.8
user_00378,mood,34.0,62.8,65.2
user_00378,meditation,86.7,65.2,75.6
user_00379,mood,47.5,46.3,39.7
user_00379,community,77.0,39.7,49.3
user_00379,community,65.0,49.3,54.9
user_00379,journal,62.6,54.9,56.0
user_00379,journal,44.9,56.0,57.0
user_00379,mood,50.4,57.0,61.8
user_00379,journal,43.2,61.8,56.6
user_00379,music,70.7,56.6,55.2
user_00380,mood,55.0,25.9,24.9
user_00380,mood,53.3,24.9,30.7
user_00380,mood,48.0,30.7,34.5
user_00380,journal,63.8,34.5,39.3
user_00380,mood,53.7,39.3,40.1
user_00380,meditation,86.7,40.1,60.0
user_00380,mood,70.2,60.0,53.0
user_00380,journal,46.2,53.0,57.6
user_00380,meditation,66.4,57.6,59.9
user_00380,mood,65.1,59.9,61.5
user_00380,meditation,68.4,61.5,62.4
user_00381,meditation,96.8,74.0,81.1
user_00381,mood,41.0,81.1,74.1
user_00381,journal,58.6,74.1,67.4
user_00381,journal,52.2,67.4,68.5
user_00381,meditation,64.5,68.5,59.3
user_00381,meditation,75.0,59.3,65.4
user_00382,music,70.6,42.4,46.9
user_00382,journal,32.1,46.9,46.7
user_00382,journal,83.2,46.7,55.7
user_00382,meditation,100.0,55.7,71.0
user_00382,meditation,62.0,71.0,66.0
user_00382,mood,38.2,66.0,55.6
user_00382,mood,51.7,55.6,51.9
user_00383,music,71.2,45.7,57.7
user_00383,music,80.8,57.7,61.2
user_00383,mood,45.5,61.2,61.7
user_00383,mood,52.4,61.7,59.7
user_00383,community,66.8,59.7,62.0
user_00383,journal,53.1,62.0,56.1
user_00383,journal,64.3,56.1,60.5
user_00383,mood,71.0,60.5,62.5
user_00384,journal,69.5,68.1,67.0
user_00384,music,69.8,67.0,67.8
user_00384,meditation,69.0,67.8,74.5
user_00384,journal,65.0,74.5,67.3
user_00384,music,63.4,67.3,63.9
user_00384,mood,67.6,63.9,64.4
user_00384,mood,71.7,64.4,60.3
user_00384,mood,59.0,60.3,58.8
user_00384,mood,69.5,58.8,61.6
user_00384,meditation,84.3,61.6,73.0
user_00385,journal,47.9,64.9,69.8
user_00385,journal,76.1,69.8,65.1
user_00385,mood,66.3,65.1,77.8
user_00385,music,48.6,77.8,71.9
user_00386,music,80.1,55.4,62.7
user_00386,mood,63.1,62.7,61.8
user_00386,mood,53.3,61.8,62.2
user_00386,journal,82.0,62.2,67.0
user_00386,mood,41.9,67.0,64.4
user_00386,mood,53.7,64.4,66.6
user_00386,meditation,66.9,66.6,63.9
user_00386,mood,52.9,63.9,53.5
user_00386,mood,49.8,53.5,51.6
user_00387,mood,49.7,76.8,78.9
user_00387,meditation,54.6,78.9,68.7
user_00387,meditation,79.0,68.7,70.1
user_00387,mood,69.7,70.1,67.6
user_00387,journal,54.4,67.6,71.0
user_00387,meditation,75.8,71.0,78.2
user_00387,meditation,96.0,78.2,82.1
user_00387,journal,57.5,82.1,85.2
user_00387,mood,53.3,85.2,85.3
user_00387,journal,55.6,85.3,80.6
user_00387,meditation,83.9,80.6,84.7
user_00388,journal,76.3,45.7,61.1
user_00388,meditation,48.2,61.1,63.8
user_00388,meditation,71.8,63.8,68.9
user_00388,community,64.9,68.9,68.9
user_00388,meditation,77.9,68.9,73.9
user_00388,journal,63.3,73.9,76.5
user_00388,meditation,87.9,76.5,85.4
user_00389,mood,60.3,56.0,57.0
user_00389,music,77.8,57.0,61.1
user_00389,meditation,82.4,61.1,75.5
user_00389,journal,46.2,75.5,73.8
user_00389,mood,62.5,73.8,69.4
user_00390,mood,59.5,24.2,20.7
user_00390,mood,68.2,20.7,33.5
user_00390,mood,47.9,33.5,39.1
user_00390,mood,52.7,39.1,40.8
user_00390,mood,45.6,40.8,37.8
user_00390,meditation,60.1,37.8,43.3
user_00391,music,85.3,67.8,69.8
user_00391,community,67.3,69.8,76.4
user_00391,music,56.4,76.4,75.4
user_00391,mood,40.9,75.4,59.0
user_00391,journal,55.0,59.0,64.2
user_00391,journal,51.6,64.2,60.4
user_00391,journal,76.1,60.4,69.5
user_00392,meditation,64.4,21.0,28.6
user_00392,journal,58.7,28.6,29.9
user_00392,mood,41.1,29.9,46.1
user_00392,community,63.0,46.1,55.6
user_00392,meditation,86.0,55.6,67.5
user_00392,meditation,69.1,67.5,67.8
user_00392,journal,61.3,67.8,66.6
user_00392,music,65.4,66.6,67.1
user_00392,mood,41.6,67.1,67.7
user_00392,journal,51.2,67.7,64.3
user_00392,meditation,61.5,64.3,66.9
user_00393,community,44.4,70.1,62.5
user_00393,journal,54.3,62.5,59.1
user_00393,community,57.4,59.1,60.9
user_00393,mood,56.9,60.9,61.5
user_00393,meditation,67.1,61.5,65.1
user_00393,meditation,88.3,65.1,66.9
user_00394,mood,60.7,25.0,28.4
user_00394,mood,64.2,28.4,36.2
user_00394,journal,60.9,36.2,38.9
user_00394,meditation,98.8,38.9,59.7
user_00394,mood,44.5,59.7,58.1
user_00394,mood,69.1,58.1,58.5
user_00395,mood,59.6,61.6,59.9
user_00395,community,57.9,59.9,57.2
user_00395,community,62.0,57.2,58.7
user_00395,journal,64.5,58.7,59.7
user_00395,mood,50.2,59.7,54.2
user_00396,journal,58.1,47.4,39.5
user_00396,mood,46.0,39.5,42.6
user_00396,mood,50.4,42.6,40.3
user_00396,community,51.3,40.3,47.6
user_00396,community,60.5,47.6,46.6
user_00396,meditation,80.3,46.6,56.3
user_00396,mood,56.8,56.3,60.1
user_00396,meditation,80.1,60.1,72.7
user_00396,music,59.8,72.7,64.3
user_00396,mood,49.8,64.3,62.9
user_00396,music,74.0,62.9,59.7
user_00397,mood,63.8,43.7,38.0
user_00397,journal,75.6,38.0,47.5
user_00397,mood,54.3,47.5,53.8
user_00397,journal,61.9,53.8,48.0
user_00397,mood,70.3,48.0,50.8
user_00397,mood,46.6,50.8,50.8
user_00397,mood,61.2,50.8,49.8
user_00397,journal,51.2,49.8,41.5
user_00397,mood,41.9,41.5,43.8
user_00398,mood,63.6,77.9,77.1
user_00398,journal,48.1,77.1,76.4
user_00398,music,58.7,76.4,67.2
user_00398,journal,65.3,67.2,74.0
user_00398,mood,21.4,74.0,62.7
user_00398,mood,46.3,62.7,63.4
user_00398,journal,53.4,63.4,62.9
user_00398,community,45.7,62.9,56.2
user_00399,journal,79.4,54.0,43.1
user_00399,mood,61.6,43.1,38.7
user_00399,community,62.1,38.7,40.7
user_00400,journal,65.5,38.8,35.5
user_00400,journal,52.7,35.5,33.3
user_00400,journal,47.7,33.3,35.7
user_00400,mood,64.5,35.7,31.2
user_00400,mood,23.8,31.2,38.4
user_00400,community,67.6,38.4,48.0
